ID,Name,Email,Phone,SSN,CreditCard,SignupDate,Notes
988,Charlie Brown,charlie.brown70@website.org,(769) 772-7833,297-87-4716,4016-6147-3615-3963,2020-05-07,Customer contact via email charlie.brown70@website.org or phone (769) 772-7833.
913,Alice Williams,alice.williams31@website.org,(439) 516-1696,516-63-7718,4576-4027-2986-8559,2025-05-14,Customer contact via email alice.williams31@website.org or phone (439) 516-1696.
895,Emma Wilson,emma.wilson93@techcorp.io,(413) 865-2968,980-70-4694,4243-6860-4749-7663,2026-12-28,Customer contact via email emma.wilson93@techcorp.io or phone (413) 865-2968.
970,Fiona Taylor,fiona.taylor55@example.com,(762) 996-5610,111-47-7503,4793-7640-3571-8871,2024-09-19,Customer contact via email fiona.taylor55@example.com or phone (762) 996-5610.
121,George Williams,george.williams3@company.org,(630) 372-6131,804-48-7635,4741-1046-1847-5392,2022-11-17,Customer contact via email george.williams3@company.org or phone (630) 372-6131.
990,Jane Davis,jane.davis43@company.org,(328) 436-7759,705-48-1068,4786-8853-7470-1533,2022-12-12,Customer contact via email jane.davis43@company.org or phone (328) 436-7759.
43,Charlie Doe,charlie.doe2@website.org,(299) 908-6896,288-71-3988,4621-9555-3096-7122,2025-04-04,Customer contact via email charlie.doe2@website.org or phone (299) 908-6896.
640,Hannah Davis,hannah.davis84@website.org,(928) 903-8427,807-85-2438,4940-5902-7786-4859,2023-01-27,Customer contact via email hannah.davis84@website.org or phone (928) 903-8427.
973,John Wilson,john.wilson14@company.org,(260) 782-3903,325-23-5085,4602-6361-3641-6422,2024-02-19,Customer contact via email john.wilson14@company.org or phone (260) 782-3903.
552,George Smith,george.smith97@example.com,(602) 408-9813,699-38-3210,4076-9987-3561-4968,2021-05-24,Customer contact via email george.smith97@example.com or phone (602) 408-9813.
423,David Taylor,david.taylor51@company.org,(937) 954-9817,671-34-6264,4445-4727-2567-6018,2024-11-06,Customer contact via email david.taylor51@company.org or phone (937) 954-9817.
67,George Taylor,george.taylor32@example.com,(949) 396-9785,152-61-9323,4124-4013-5857-3499,2023-05-10,Customer contact via email george.taylor32@example.com or phone (949) 396-9785.
966,Jane Johnson,jane.johnson47@mail.net,(571) 585-8400,283-66-6983,4717-8572-3634-6083,2023-05-18,Customer contact via email jane.johnson47@mail.net or phone (571) 585-8400.
922,Jane Jones,jane.jones99@company.org,(580) 379-2038,998-35-7112,4367-8877-8011-1943,2021-07-04,Customer contact via email jane.jones99@company.org or phone (580) 379-2038.
213,John Wilson,john.wilson86@domain.com,(363) 337-7435,942-59-7241,4156-2311-4016-5375,2020-05-28,Customer contact via email john.wilson86@domain.com or phone (363) 337-7435.
678,Fiona Brown,fiona.brown31@techcorp.io,(772) 666-6327,443-82-5104,4829-8907-6565-2674,2024-04-01,Customer contact via email fiona.brown31@techcorp.io or phone (772) 666-6327.
723,Charlie Doe,charlie.doe8@domain.com,(553) 978-7711,528-60-7781,4790-8745-1008-8416,2022-07-20,Customer contact via email charlie.doe8@domain.com or phone (553) 978-7711.
457,Jane Taylor,jane.taylor82@company.org,(377) 584-3068,857-32-5682,4187-5603-5720-1860,2023-05-20,Customer contact via email jane.taylor82@company.org or phone (377) 584-3068.
936,George Miller,george.miller66@company.org,(742) 313-7220,469-27-8321,4471-9655-2897-1553,2022-05-16,Customer contact via email george.miller66@company.org or phone (742) 313-7220.
107,Jane Wilson,jane.wilson19@techcorp.io,(225) 571-2273,170-33-6356,4100-9857-6629-9541,2020-12-05,Customer contact via email jane.wilson19@techcorp.io or phone (225) 571-2273.
857,Fiona Wilson,fiona.wilson80@techcorp.io,(636) 832-4474,252-52-1881,4576-1624-3570-3674,2026-12-19,Customer contact via email fiona.wilson80@techcorp.io or phone (636) 832-4474.
218,George Brown,george.brown60@domain.com,(472) 525-1615,478-41-9470,4055-2858-9596-9524,2021-06-05,Customer contact via email george.brown60@domain.com or phone (472) 525-1615.
129,Hannah Davis,hannah.davis46@website.org,(520) 825-1923,322-36-2811,4667-8955-1928-1810,2023-09-22,Customer contact via email hannah.davis46@website.org or phone (520) 825-1923.
327,Bob Smith,bob.smith73@company.org,(417) 770-6458,877-80-6186,4935-2121-6279-5025,2026-11-23,Customer contact via email bob.smith73@company.org or phone (417) 770-6458.
517,David Brown,david.brown20@company.org,(253) 774-9169,429-62-2919,4908-3474-8660-5318,2021-05-14,Customer contact via email david.brown20@company.org or phone (253) 774-9169.
301,Alice Williams,alice.williams87@example.com,(489) 299-3137,613-35-8002,4299-6590-7824-2069,2022-10-11,Customer contact via email alice.williams87@example.com or phone (489) 299-3137.
584,John Williams,john.williams12@domain.com,(412) 932-7558,685-11-3467,4309-6370-6426-9467,2024-09-08,Customer contact via email john.williams12@domain.com or phone (412) 932-7558.
464,Fiona Smith,fiona.smith96@website.org,(712) 326-8180,371-46-1560,4602-8043-7558-6433,2023-04-20,Customer contact via email fiona.smith96@website.org or phone (712) 326-8180.
864,David Taylor,david.taylor11@techcorp.io,(462) 204-5824,611-15-1013,4365-2440-7142-6292,2025-07-27,Customer contact via email david.taylor11@techcorp.io or phone (462) 204-5824.
944,John Williams,john.williams69@techcorp.io,(701) 766-2941,169-26-5879,4589-3517-1417-6045,2024-04-05,Customer contact via email john.williams69@techcorp.io or phone (701) 766-2941.
475,David Williams,david.williams17@example.com,(545) 966-4362,524-30-7454,4048-8847-9671-3931,2026-07-24,Customer contact via email david.williams17@example.com or phone (545) 966-4362.
355,Jane Wilson,jane.wilson32@mail.net,(873) 647-5572,315-86-5151,4481-3044-2405-7090,2020-10-26,Customer contact via email jane.wilson32@mail.net or phone (873) 647-5572.
590,David Williams,david.williams69@example.com,(793) 651-4457,869-62-4644,4042-6384-3153-1140,2021-05-20,Customer contact via email david.williams69@example.com or phone (793) 651-4457.
454,Alice Smith,alice.smith24@website.org,(852) 914-5610,592-37-8134,4522-6287-4710-9215,2026-11-12,Customer contact via email alice.smith24@website.org or phone (852) 914-5610.
986,Charlie Wilson,charlie.wilson49@example.com,(217) 293-5178,602-41-6770,4527-8929-2819-2737,2020-12-17,Customer contact via email charlie.wilson49@example.com or phone (217) 293-5178.
698,David Doe,david.doe92@example.com,(645) 560-1973,245-75-7014,4664-6501-6132-6854,2022-09-01,Customer contact via email david.doe92@example.com or phone (645) 560-1973.
772,David Wilson,david.wilson23@website.org,(930) 353-7729,511-23-7731,4790-1879-6664-5844,2026-10-02,Customer contact via email david.wilson23@website.org or phone (930) 353-7729.
642,Hannah Miller,hannah.miller31@domain.com,(662) 470-9518,927-59-5750,4351-2689-9972-3562,2020-02-03,Customer contact via email hannah.miller31@domain.com or phone (662) 470-9518.
379,John Brown,john.brown43@example.com,(205) 933-5304,986-25-3806,4049-1981-5493-8754,2020-05-14,Customer contact via email john.brown43@example.com or phone (205) 933-5304.
467,Emma Smith,emma.smith15@techcorp.io,(949) 520-1056,183-13-9804,4419-6770-9234-5691,2021-11-01,Customer contact via email emma.smith15@techcorp.io or phone (949) 520-1056.
159,Fiona Williams,fiona.williams70@domain.com,(664) 737-7915,615-54-6541,4575-8726-7147-3151,2026-06-09,Customer contact via email fiona.williams70@domain.com or phone (664) 737-7915.
610,Fiona Taylor,fiona.taylor41@domain.com,(601) 273-4613,223-91-7080,4787-7991-3964-8544,2024-02-04,Customer contact via email fiona.taylor41@domain.com or phone (601) 273-4613.
429,Alice Miller,alice.miller9@techcorp.io,(294) 924-5346,640-66-9921,4345-9812-2681-7013,2025-05-06,Customer contact via email alice.miller9@techcorp.io or phone (294) 924-5346.
336,Jane Miller,jane.miller98@mail.net,(816) 353-5910,183-95-9331,4339-3628-8134-7687,2023-06-23,Customer contact via email jane.miller98@mail.net or phone (816) 353-5910.
846,Hannah Wilson,hannah.wilson56@domain.com,(443) 839-9709,356-72-3143,4125-3447-6746-2734,2023-03-14,Customer contact via email hannah.wilson56@domain.com or phone (443) 839-9709.
697,David Doe,david.doe91@mail.net,(379) 719-7452,578-63-2956,4537-8836-3493-7968,2024-08-02,Customer contact via email david.doe91@mail.net or phone (379) 719-7452.
508,Hannah Davis,hannah.davis15@mail.net,(992) 796-3450,492-41-9811,4002-6682-1181-2901,2023-12-14,Customer contact via email hannah.davis15@mail.net or phone (992) 796-3450.
767,Bob Brown,bob.brown59@mail.net,(429) 571-9149,763-80-4076,4985-9821-5498-7780,2020-12-13,Customer contact via email bob.brown59@mail.net or phone (429) 571-9149.
311,Emma Davis,emma.davis76@techcorp.io,(771) 283-4243,251-93-2887,4984-4769-1238-9937,2025-11-23,Customer contact via email emma.davis76@techcorp.io or phone (771) 283-4243.
137,Fiona Taylor,fiona.taylor72@mail.net,(716) 646-5519,259-19-4995,4744-9933-2298-4896,2024-04-08,Customer contact via email fiona.taylor72@mail.net or phone (716) 646-5519.
575,Hannah Williams,hannah.williams22@website.org,(792) 710-9417,124-60-4025,4352-9264-3340-9953,2024-09-12,Customer contact via email hannah.williams22@website.org or phone (792) 710-9417.
571,Hannah Jones,hannah.jones66@example.com,(617) 859-4731,597-52-5861,4892-8292-6944-4829,2020-07-15,Customer contact via email hannah.jones66@example.com or phone (617) 859-4731.
161,Alice Smith,alice.smith52@website.org,(826) 936-3423,392-24-8406,4579-1879-3698-1291,2026-07-03,Customer contact via email alice.smith52@website.org or phone (826) 936-3423.
637,Hannah Johnson,hannah.johnson66@domain.com,(573) 889-9005,955-78-6075,4018-6748-9686-5958,2023-02-03,Customer contact via email hannah.johnson66@domain.com or phone (573) 889-9005.
348,Fiona Brown,fiona.brown9@domain.com,(972) 314-4249,209-97-6931,4273-9464-1294-5941,2021-08-12,Customer contact via email fiona.brown9@domain.com or phone (972) 314-4249.
398,George Smith,george.smith41@domain.com,(593) 903-3328,171-91-1524,4638-5070-9800-6383,2025-03-15,Customer contact via email george.smith41@domain.com or phone (593) 903-3328.
280,Bob Brown,bob.brown88@website.org,(277) 454-4546,910-95-9913,4588-8813-5594-9822,2025-06-15,Customer contact via email bob.brown88@website.org or phone (277) 454-4546.
801,Bob Doe,bob.doe62@company.org,(841) 402-9521,746-62-1183,4406-9144-5216-2221,2022-02-08,Customer contact via email bob.doe62@company.org or phone (841) 402-9521.
713,John Taylor,john.taylor92@website.org,(837) 811-2983,192-87-3477,4088-4637-4472-8248,2021-05-13,Customer contact via email john.taylor92@website.org or phone (837) 811-2983.
982,Alice Jones,alice.jones54@mail.net,(436) 530-1209,787-89-4897,4255-6547-4731-5945,2026-03-19,Customer contact via email alice.jones54@mail.net or phone (436) 530-1209.
486,Charlie Brown,charlie.brown71@example.com,(564) 614-6585,860-92-7190,4451-4587-7011-7191,2023-08-18,Customer contact via email charlie.brown71@example.com or phone (564) 614-6585.
239,David Taylor,david.taylor52@domain.com,(266) 832-4102,842-12-5479,4460-7072-8624-9332,2022-11-12,Customer contact via email david.taylor52@domain.com or phone (266) 832-4102.
281,David Brown,david.brown28@company.org,(904) 282-1327,118-48-3214,4937-9776-3237-4276,2021-10-01,Customer contact via email david.brown28@company.org or phone (904) 282-1327.
69,John Wilson,john.wilson42@domain.com,(900) 466-1915,586-73-9583,4704-5288-4465-9664,2025-06-02,Customer contact via email john.wilson42@domain.com or phone (900) 466-1915.
1000,George Brown,george.brown82@website.org,(822) 607-5971,440-85-6760,4109-3049-3262-9813,2026-08-26,Customer contact via email george.brown82@website.org or phone (822) 607-5971.
635,Alice Jones,alice.jones84@techcorp.io,(850) 515-2102,602-48-3031,4730-7955-6251-4375,2023-04-23,Customer contact via email alice.jones84@techcorp.io or phone (850) 515-2102.
278,George Johnson,george.johnson59@company.org,(620) 850-4754,957-71-6133,4119-3251-3045-2018,2022-12-23,Customer contact via email george.johnson59@company.org or phone (620) 850-4754.
998,Fiona Doe,fiona.doe68@techcorp.io,(363) 223-4687,689-93-4409,4579-8453-7763-7297,2026-04-05,Customer contact via email fiona.doe68@techcorp.io or phone (363) 223-4687.
725,Hannah Miller,hannah.miller69@mail.net,(414) 332-3173,780-30-2229,4385-6927-8088-8846,2021-11-03,Customer contact via email hannah.miller69@mail.net or phone (414) 332-3173.
722,Fiona Davis,fiona.davis7@example.com,(619) 755-9173,248-65-9442,4334-7125-4177-7234,2022-02-08,Customer contact via email fiona.davis7@example.com or phone (619) 755-9173.
734,Jane Brown,jane.brown25@domain.com,(338) 228-4269,447-91-5332,4644-8322-2143-3076,2024-11-25,Customer contact via email jane.brown25@domain.com or phone (338) 228-4269.
387,George Davis,george.davis68@website.org,(518) 525-7104,674-74-1996,4638-2010-7325-9979,2022-07-08,Customer contact via email george.davis68@website.org or phone (518) 525-7104.
126,George Smith,george.smith10@techcorp.io,(734) 383-8795,443-88-7678,4187-6125-2031-4886,2020-06-23,Customer contact via email george.smith10@techcorp.io or phone (734) 383-8795.
737,Jane Taylor,jane.taylor39@example.com,(907) 660-8355,263-57-9219,4401-1292-1145-3562,2020-02-25,Customer contact via email jane.taylor39@example.com or phone (907) 660-8355.
705,George Davis,george.davis22@domain.com,(659) 307-1906,395-39-4179,4419-3684-4077-1862,2020-11-02,Customer contact via email george.davis22@domain.com or phone (659) 307-1906.
999,John Smith,john.smith5@domain.com,(813) 445-5048,376-28-5855,4379-6953-4924-3771,2021-05-11,Customer contact via email john.smith5@domain.com or phone (813) 445-5048.
268,Fiona Brown,fiona.brown38@company.org,(361) 405-5304,804-66-2565,4573-9706-9937-9051,2023-06-05,Customer contact via email fiona.brown38@company.org or phone (361) 405-5304.
793,Bob Johnson,bob.johnson48@domain.com,(373) 464-6142,422-21-6688,4683-4209-4789-1625,2024-08-03,Customer contact via email bob.johnson48@domain.com or phone (373) 464-6142.
559,Emma Brown,emma.brown53@techcorp.io,(645) 876-5165,640-26-3943,4231-9404-7758-2864,2025-01-27,Customer contact via email emma.brown53@techcorp.io or phone (645) 876-5165.
46,Bob Jones,bob.jones61@example.com,(369) 942-3620,102-63-9807,4982-4487-1589-4797,2022-04-02,Customer contact via email bob.jones61@example.com or phone (369) 942-3620.
343,Emma Williams,emma.williams9@techcorp.io,(630) 948-2255,143-45-8306,4586-8533-1735-5822,2024-02-14,Customer contact via email emma.williams9@techcorp.io or phone (630) 948-2255.
874,Hannah Davis,hannah.davis95@example.com,(631) 912-4395,713-37-6348,4258-4821-2080-7074,2020-11-19,Customer contact via email hannah.davis95@example.com or phone (631) 912-4395.
420,David Davis,david.davis12@website.org,(333) 751-6322,109-44-3648,4355-6295-9497-8120,2025-11-25,Customer contact via email david.davis12@website.org or phone (333) 751-6322.
270,Hannah Wilson,hannah.wilson4@example.com,(972) 258-5123,282-30-6521,4154-2832-6186-3275,2020-11-23,Customer contact via email hannah.wilson4@example.com or phone (972) 258-5123.
401,Charlie Williams,charlie.williams28@domain.com,(906) 419-8988,426-70-4760,4623-1767-3196-2844,2023-10-05,Customer contact via email charlie.williams28@domain.com or phone (906) 419-8988.
145,John Williams,john.williams31@mail.net,(460) 926-2826,669-28-8769,4265-6126-3294-9228,2023-06-24,Customer contact via email john.williams31@mail.net or phone (460) 926-2826.
538,Bob Brown,bob.brown47@company.org,(693) 508-1400,208-22-3650,4493-4229-7349-8250,2022-10-01,Customer contact via email bob.brown47@company.org or phone (693) 508-1400.
748,Alice Miller,alice.miller16@mail.net,(270) 716-5396,332-53-2790,4318-2887-1120-4381,2020-11-14,Customer contact via email alice.miller16@mail.net or phone (270) 716-5396.
167,Emma Doe,emma.doe75@example.com,(467) 901-7194,523-26-7569,4520-5129-5537-5239,2026-09-01,Customer contact via email emma.doe75@example.com or phone (467) 901-7194.
170,Emma Williams,emma.williams51@techcorp.io,(928) 478-8473,399-99-7790,4762-5999-3649-2083,2023-10-06,Customer contact via email emma.williams51@techcorp.io or phone (928) 478-8473.
309,Charlie Williams,charlie.williams31@example.com,(832) 533-9375,343-96-4032,4383-2718-7448-2416,2021-11-02,Customer contact via email charlie.williams31@example.com or phone (832) 533-9375.
569,George Taylor,george.taylor13@example.com,(891) 273-6846,881-89-7747,4992-1428-6050-7462,2022-01-17,Customer contact via email george.taylor13@example.com or phone (891) 273-6846.
350,Emma Jones,emma.jones27@mail.net,(605) 713-9855,313-41-2334,4963-2836-7368-4829,2024-01-23,Customer contact via email emma.jones27@mail.net or phone (605) 713-9855.
381,Jane Smith,jane.smith69@example.com,(882) 256-6190,288-68-7042,4677-7846-7457-6247,2022-07-28,Customer contact via email jane.smith69@example.com or phone (882) 256-6190.
601,Bob Doe,bob.doe34@techcorp.io,(256) 698-5934,602-40-9492,4383-5568-3065-2126,2026-04-03,Customer contact via email bob.doe34@techcorp.io or phone (256) 698-5934.
230,Emma Wilson,emma.wilson83@techcorp.io,(517) 965-2761,464-51-9329,4865-5959-8152-7999,2020-08-12,Customer contact via email emma.wilson83@techcorp.io or phone (517) 965-2761.
789,David Wilson,david.wilson77@techcorp.io,(473) 570-2394,687-28-7368,4201-7185-9850-8586,2022-01-07,Customer contact via email david.wilson77@techcorp.io or phone (473) 570-2394.
340,Alice Williams,alice.williams77@mail.net,(680) 345-7745,771-47-2551,4575-4130-6660-9062,2024-12-22,Customer contact via email alice.williams77@mail.net or phone (680) 345-7745.
578,Charlie Jones,charlie.jones21@example.com,(473) 367-9530,186-30-1188,4258-1213-8309-3704,2026-05-25,Customer contact via email charlie.jones21@example.com or phone (473) 367-9530.
764,Jane Brown,jane.brown35@techcorp.io,(331) 832-8190,464-61-1761,4660-1886-7227-5156,2025-07-21,Customer contact via email jane.brown35@techcorp.io or phone (331) 832-8190.
182,Bob Taylor,bob.taylor17@domain.com,(846) 643-6838,580-58-2277,4725-1474-8613-5771,2023-05-07,Customer contact via email bob.taylor17@domain.com or phone (846) 643-6838.
518,Emma Smith,emma.smith68@techcorp.io,(547) 609-5161,613-38-1908,4804-5803-7166-3871,2021-11-12,Customer contact via email emma.smith68@techcorp.io or phone (547) 609-5161.
672,Emma Miller,emma.miller33@techcorp.io,(897) 602-8730,782-50-1204,4031-2477-2809-3642,2026-03-19,Customer contact via email emma.miller33@techcorp.io or phone (897) 602-8730.
62,John Jones,john.jones43@mail.net,(564) 204-5047,281-49-3279,4467-4236-1508-3755,2026-07-20,Customer contact via email john.jones43@mail.net or phone (564) 204-5047.
147,John Smith,john.smith29@company.org,(970) 208-5166,514-55-4111,4116-4171-2494-1903,2025-11-15,Customer contact via email john.smith29@company.org or phone (970) 208-5166.
279,John Smith,john.smith23@website.org,(839) 588-5585,722-21-9382,4556-7348-9745-7524,2025-08-06,Customer contact via email john.smith23@website.org or phone (839) 588-5585.
729,Alice Brown,alice.brown24@domain.com,(921) 910-8201,927-68-6827,4674-5339-6298-6165,2024-12-26,Customer contact via email alice.brown24@domain.com or phone (921) 910-8201.
141,George Williams,george.williams60@techcorp.io,(203) 992-1562,493-79-1815,4888-9575-8083-5826,2020-09-27,Customer contact via email george.williams60@techcorp.io or phone (203) 992-1562.
581,Jane Miller,jane.miller37@domain.com,(764) 695-7469,695-48-2730,4921-9026-1618-3278,2023-01-28,Customer contact via email jane.miller37@domain.com or phone (764) 695-7469.
800,Bob Jones,bob.jones86@domain.com,(435) 836-1506,308-25-3738,4403-6670-2887-3897,2025-07-08,Customer contact via email bob.jones86@domain.com or phone (435) 836-1506.
759,Hannah Miller,hannah.miller76@website.org,(283) 934-3766,478-11-8947,4873-7637-9028-6841,2023-07-02,Customer contact via email hannah.miller76@website.org or phone (283) 934-3766.
469,Charlie Brown,charlie.brown76@company.org,(621) 571-8567,273-33-4720,4052-4592-1948-6614,2021-12-13,Customer contact via email charlie.brown76@company.org or phone (621) 571-8567.
5,Hannah Williams,hannah.williams11@mail.net,(920) 882-8038,105-37-3088,4939-9394-7611-4915,2020-02-28,Customer contact via email hannah.williams11@mail.net or phone (920) 882-8038.
324,Emma Taylor,emma.taylor11@techcorp.io,(723) 896-2983,411-69-9712,4507-1802-1744-1135,2023-06-10,Customer contact via email emma.taylor11@techcorp.io or phone (723) 896-2983.
326,Jane Davis,jane.davis67@mail.net,(403) 838-1337,165-11-7005,4980-3145-1484-5175,2025-07-11,Customer contact via email jane.davis67@mail.net or phone (403) 838-1337.
249,Bob Miller,bob.miller42@example.com,(331) 970-5694,881-30-8566,4255-9062-8989-5586,2020-12-09,Customer contact via email bob.miller42@example.com or phone (331) 970-5694.
73,Hannah Davis,hannah.davis25@domain.com,(380) 912-3877,240-40-5298,4840-4335-8502-2405,2023-10-12,Customer contact via email hannah.davis25@domain.com or phone (380) 912-3877.
478,George Smith,george.smith89@website.org,(929) 861-8544,399-78-6106,4920-7842-1863-5377,2023-05-17,Customer contact via email george.smith89@website.org or phone (929) 861-8544.
485,Charlie Brown,charlie.brown43@domain.com,(795) 297-3694,224-77-1395,4251-1930-2296-3653,2020-10-06,Customer contact via email charlie.brown43@domain.com or phone (795) 297-3694.
807,Charlie Williams,charlie.williams31@example.com,(939) 620-1945,455-89-4494,4602-4043-2268-1148,2022-05-19,Customer contact via email charlie.williams31@example.com or phone (939) 620-1945.
693,Fiona Smith,fiona.smith81@mail.net,(586) 502-7579,483-81-7705,4240-8485-4999-1393,2026-07-25,Customer contact via email fiona.smith81@mail.net or phone (586) 502-7579.
338,Charlie Jones,charlie.jones49@website.org,(459) 596-6610,278-15-3283,4218-5418-6017-7988,2024-11-12,Customer contact via email charlie.jones49@website.org or phone (459) 596-6610.
819,Bob Smith,bob.smith5@company.org,(202) 743-1590,208-14-3465,4747-9199-6614-3788,2021-07-11,Customer contact via email bob.smith5@company.org or phone (202) 743-1590.
1,Bob Miller,bob.miller92@website.org,(581) 328-8158,146-84-2355,4187-7121-3044-1175,2026-03-26,Customer contact via email bob.miller92@website.org or phone (581) 328-8158.
466,Hannah Miller,hannah.miller65@website.org,(950) 744-9496,758-83-7066,4364-3656-9891-4940,2026-06-12,Customer contact via email hannah.miller65@website.org or phone (950) 744-9496.
717,Fiona Wilson,fiona.wilson9@example.com,(652) 821-9899,165-53-6864,4281-6831-3492-3926,2026-04-02,Customer contact via email fiona.wilson9@example.com or phone (652) 821-9899.
708,George Doe,george.doe33@mail.net,(248) 922-6351,800-20-9069,4018-4138-6759-4669,2026-04-17,Customer contact via email george.doe33@mail.net or phone (248) 922-6351.
148,Alice Smith,alice.smith20@company.org,(867) 267-5202,594-66-5587,4451-4362-2799-3588,2021-02-22,Customer contact via email alice.smith20@company.org or phone (867) 267-5202.
257,Bob Doe,bob.doe19@company.org,(854) 742-3172,761-23-5458,4643-8882-3079-9770,2022-02-20,Customer contact via email bob.doe19@company.org or phone (854) 742-3172.
438,Hannah Doe,hannah.doe88@example.com,(563) 232-8957,487-97-2035,4484-5650-1457-5430,2020-09-13,Customer contact via email hannah.doe88@example.com or phone (563) 232-8957.
692,Charlie Davis,charlie.davis70@example.com,(624) 510-3493,997-11-7179,4469-9363-4932-7188,2025-01-19,Customer contact via email charlie.davis70@example.com or phone (624) 510-3493.
924,Jane Miller,jane.miller45@company.org,(243) 664-3705,890-47-4307,4173-8556-2309-7854,2020-04-02,Customer contact via email jane.miller45@company.org or phone (243) 664-3705.
359,George Davis,george.davis29@example.com,(217) 375-4221,801-19-8174,4676-5832-1609-1316,2020-08-10,Customer contact via email george.davis29@example.com or phone (217) 375-4221.
776,Alice Miller,alice.miller66@techcorp.io,(759) 961-8075,953-82-6663,4842-6077-9116-2643,2024-11-18,Customer contact via email alice.miller66@techcorp.io or phone (759) 961-8075.
668,Bob Taylor,bob.taylor93@techcorp.io,(391) 642-5453,636-47-6657,4397-7954-9651-9353,2026-04-02,Customer contact via email bob.taylor93@techcorp.io or phone (391) 642-5453.
307,Emma Williams,emma.williams8@example.com,(493) 273-3936,136-15-2708,4176-3636-9256-6471,2020-05-04,Customer contact via email emma.williams8@example.com or phone (493) 273-3936.
983,Jane Smith,jane.smith60@mail.net,(929) 230-9180,143-98-7534,4352-3061-8523-6991,2026-10-17,Customer contact via email jane.smith60@mail.net or phone (929) 230-9180.
79,Emma Taylor,emma.taylor45@website.org,(364) 256-9828,915-47-7502,4730-1303-8484-4034,2024-03-28,Customer contact via email emma.taylor45@website.org or phone (364) 256-9828.
367,Fiona Wilson,fiona.wilson81@techcorp.io,(606) 843-1346,393-70-6576,4543-8558-2850-4103,2022-05-01,Customer contact via email fiona.wilson81@techcorp.io or phone (606) 843-1346.
809,Emma Smith,emma.smith5@example.com,(648) 215-1627,970-70-5414,4874-6559-1608-1399,2023-02-17,Customer contact via email emma.smith5@example.com or phone (648) 215-1627.
362,Bob Davis,bob.davis91@domain.com,(612) 371-7030,799-36-1188,4897-4028-8115-2909,2026-08-25,Customer contact via email bob.davis91@domain.com or phone (612) 371-7030.
680,Hannah Johnson,hannah.johnson40@company.org,(269) 905-6547,713-25-2108,4544-6706-2709-8513,2026-08-05,Customer contact via email hannah.johnson40@company.org or phone (269) 905-6547.
27,Emma Miller,emma.miller87@website.org,(758) 292-9178,126-39-9508,4181-7562-2563-8145,2024-05-19,Customer contact via email emma.miller87@website.org or phone (758) 292-9178.
217,Jane Smith,jane.smith42@company.org,(586) 273-9903,707-89-9167,4370-5647-4848-2289,2021-03-04,Customer contact via email jane.smith42@company.org or phone (586) 273-9903.
656,Hannah Miller,hannah.miller39@techcorp.io,(911) 708-6066,655-75-2139,4387-9096-6141-1114,2025-03-22,Customer contact via email hannah.miller39@techcorp.io or phone (911) 708-6066.
207,Fiona Brown,fiona.brown17@company.org,(268) 490-2453,740-48-3352,4832-7488-9445-7733,2022-06-24,Customer contact via email fiona.brown17@company.org or phone (268) 490-2453.
349,Jane Davis,jane.davis53@techcorp.io,(868) 854-5910,451-87-3716,4910-5378-8426-9679,2026-11-13,Customer contact via email jane.davis53@techcorp.io or phone (868) 854-5910.
285,Fiona Taylor,fiona.taylor79@techcorp.io,(846) 691-2582,489-98-7605,4774-3351-8669-1186,2023-03-05,Customer contact via email fiona.taylor79@techcorp.io or phone (846) 691-2582.
930,Charlie Miller,charlie.miller74@website.org,(699) 758-4587,873-33-4854,4571-1763-2538-7567,2021-08-15,Customer contact via email charlie.miller74@website.org or phone (699) 758-4587.
841,Bob Jones,bob.jones8@techcorp.io,(229) 455-6166,356-36-2238,4975-3360-4678-1626,2023-06-01,Customer contact via email bob.jones8@techcorp.io or phone (229) 455-6166.
144,Fiona Miller,fiona.miller44@company.org,(901) 895-1020,487-55-3396,4164-9618-3516-2073,2021-01-17,Customer contact via email fiona.miller44@company.org or phone (901) 895-1020.
783,Bob Miller,bob.miller89@example.com,(418) 355-9496,769-25-2072,4674-1568-5952-7302,2026-06-15,Customer contact via email bob.miller89@example.com or phone (418) 355-9496.
646,Emma Williams,emma.williams21@company.org,(735) 753-2084,627-18-1788,4746-6667-3508-8829,2023-12-27,Customer contact via email emma.williams21@company.org or phone (735) 753-2084.
768,Hannah Smith,hannah.smith83@company.org,(829) 725-2046,449-85-6456,4247-2284-1705-4540,2025-05-16,Customer contact via email hannah.smith83@company.org or phone (829) 725-2046.
995,George Smith,george.smith97@website.org,(479) 208-8316,627-81-1680,4568-2486-2172-5046,2023-07-01,Customer contact via email george.smith97@website.org or phone (479) 208-8316.
573,Jane Williams,jane.williams24@mail.net,(210) 421-8390,888-91-2878,4175-7868-5427-2842,2025-09-19,Customer contact via email jane.williams24@mail.net or phone (210) 421-8390.
139,Charlie Miller,charlie.miller98@example.com,(837) 311-3711,782-39-1979,4663-3005-6433-5313,2020-12-18,Customer contact via email charlie.miller98@example.com or phone (837) 311-3711.
716,George Davis,george.davis85@example.com,(704) 301-8394,478-59-2447,4422-6984-5536-7442,2021-10-04,Customer contact via email george.davis85@example.com or phone (704) 301-8394.
439,Charlie Johnson,charlie.johnson64@example.com,(280) 518-4475,105-31-4798,4877-4136-5246-7594,2024-03-28,Customer contact via email charlie.johnson64@example.com or phone (280) 518-4475.
436,David Williams,david.williams76@company.org,(708) 658-6847,996-89-9120,4424-1182-3407-8904,2022-11-02,Customer contact via email david.williams76@company.org or phone (708) 658-6847.
186,Alice Smith,alice.smith54@example.com,(820) 618-7270,277-62-7174,4524-1729-1737-2448,2023-06-06,Customer contact via email alice.smith54@example.com or phone (820) 618-7270.
844,David Doe,david.doe28@website.org,(952) 681-8825,760-95-8680,4486-9071-7472-1717,2023-11-26,Customer contact via email david.doe28@website.org or phone (952) 681-8825.
32,Fiona Johnson,fiona.johnson77@company.org,(663) 372-4682,908-62-5530,4461-8963-5429-4323,2021-04-25,Customer contact via email fiona.johnson77@company.org or phone (663) 372-4682.
906,Fiona Johnson,fiona.johnson33@example.com,(497) 864-3168,568-20-5108,4184-7604-8398-6205,2020-10-04,Customer contact via email fiona.johnson33@example.com or phone (497) 864-3168.
812,Jane Williams,jane.williams51@domain.com,(256) 936-8686,609-29-9334,4925-8554-9264-5477,2024-11-16,Customer contact via email jane.williams51@domain.com or phone (256) 936-8686.
557,Fiona Wilson,fiona.wilson67@domain.com,(451) 801-3409,629-88-6588,4046-2580-2339-7195,2024-03-17,Customer contact via email fiona.wilson67@domain.com or phone (451) 801-3409.
636,George Williams,george.williams60@website.org,(861) 909-1014,409-97-4143,4981-9843-4555-1719,2020-11-21,Customer contact via email george.williams60@website.org or phone (861) 909-1014.
33,Charlie Taylor,charlie.taylor72@example.com,(431) 380-5297,537-86-3515,4491-5647-1947-7474,2020-07-08,Customer contact via email charlie.taylor72@example.com or phone (431) 380-5297.
157,Hannah Miller,hannah.miller25@domain.com,(675) 672-6265,569-32-8764,4267-2914-8333-3328,2023-05-10,Customer contact via email hannah.miller25@domain.com or phone (675) 672-6265.
108,Fiona Johnson,fiona.johnson59@website.org,(479) 756-7616,538-29-7530,4167-4399-2830-7533,2025-12-25,Customer contact via email fiona.johnson59@website.org or phone (479) 756-7616.
902,Fiona Jones,fiona.jones85@company.org,(984) 550-1153,529-74-7453,4804-9989-4193-8824,2025-01-25,Customer contact via email fiona.jones85@company.org or phone (984) 550-1153.
273,George Wilson,george.wilson22@mail.net,(309) 919-2781,791-15-2150,4840-4638-9311-7041,2024-08-14,Customer contact via email george.wilson22@mail.net or phone (309) 919-2781.
752,Fiona Wilson,fiona.wilson95@example.com,(722) 601-9633,601-75-3849,4318-2321-2314-9472,2024-11-03,Customer contact via email fiona.wilson95@example.com or phone (722) 601-9633.
974,Fiona Taylor,fiona.taylor66@mail.net,(308) 990-1156,667-64-4384,4017-5159-3975-8540,2024-11-03,Customer contact via email fiona.taylor66@mail.net or phone (308) 990-1156.
222,Hannah Jones,hannah.jones48@techcorp.io,(977) 250-1375,509-87-3942,4416-7505-4932-6045,2021-11-24,Customer contact via email hannah.jones48@techcorp.io or phone (977) 250-1375.
603,Jane Miller,jane.miller21@company.org,(837) 623-6416,669-41-8154,4350-4003-2205-5037,2023-10-04,Customer contact via email jane.miller21@company.org or phone (837) 623-6416.
52,Emma Wilson,emma.wilson65@website.org,(851) 970-1950,657-19-1499,4699-6022-1445-6907,2024-03-03,Customer contact via email emma.wilson65@website.org or phone (851) 970-1950.
302,Fiona Jones,fiona.jones48@techcorp.io,(220) 527-2635,239-24-6596,4015-3236-4417-4718,2021-02-07,Customer contact via email fiona.jones48@techcorp.io or phone (220) 527-2635.
826,Bob Miller,bob.miller41@company.org,(691) 876-6308,304-55-4707,4592-7514-6789-2089,2024-08-22,Customer contact via email bob.miller41@company.org or phone (691) 876-6308.
276,George Johnson,george.johnson28@mail.net,(391) 408-5083,810-95-6859,4545-2241-5600-5629,2022-01-05,Customer contact via email george.johnson28@mail.net or phone (391) 408-5083.
409,David Taylor,david.taylor55@company.org,(933) 816-7452,960-56-4072,4929-6309-7766-8686,2024-08-16,Customer contact via email david.taylor55@company.org or phone (933) 816-7452.
948,Alice Davis,alice.davis15@mail.net,(688) 943-1765,278-38-4914,4095-7192-5879-6438,2024-12-22,Customer contact via email alice.davis15@mail.net or phone (688) 943-1765.
396,Bob Taylor,bob.taylor45@example.com,(374) 737-5722,217-75-1718,4300-4716-3852-7420,2024-02-11,Customer contact via email bob.taylor45@example.com or phone (374) 737-5722.
66,George Jones,george.jones11@domain.com,(890) 366-6041,793-39-1515,4264-8394-7845-6969,2022-10-12,Customer contact via email george.jones11@domain.com or phone (890) 366-6041.
965,Emma Davis,emma.davis80@company.org,(689) 547-2904,847-92-3925,4687-3621-6203-8602,2021-11-03,Customer contact via email emma.davis80@company.org or phone (689) 547-2904.
128,Jane Taylor,jane.taylor98@example.com,(586) 579-1262,803-50-9842,4436-6357-3168-5274,2025-03-14,Customer contact via email jane.taylor98@example.com or phone (586) 579-1262.
537,John Johnson,john.johnson2@techcorp.io,(959) 570-3224,221-63-4990,4265-3989-5837-1983,2026-09-08,Customer contact via email john.johnson2@techcorp.io or phone (959) 570-3224.
477,George Jones,george.jones86@website.org,(692) 894-8850,551-82-2982,4559-4675-2496-4515,2024-08-05,Customer contact via email george.jones86@website.org or phone (692) 894-8850.
847,George Williams,george.williams60@company.org,(557) 312-8788,690-76-5549,4448-8443-1720-7175,2026-02-06,Customer contact via email george.williams60@company.org or phone (557) 312-8788.
654,Jane Smith,jane.smith26@techcorp.io,(931) 926-8453,589-88-3762,4304-1876-4319-9172,2020-08-01,Customer contact via email jane.smith26@techcorp.io or phone (931) 926-8453.
532,Alice Johnson,alice.johnson55@company.org,(862) 642-3767,434-32-5814,4662-8900-1856-4352,2020-01-12,Customer contact via email alice.johnson55@company.org or phone (862) 642-3767.
53,Bob Johnson,bob.johnson19@example.com,(811) 334-6021,862-82-1326,4112-4445-5809-1092,2025-02-01,Customer contact via email bob.johnson19@example.com or phone (811) 334-6021.
506,Hannah Wilson,hannah.wilson18@techcorp.io,(224) 822-7991,835-58-6002,4350-4973-6476-4211,2022-12-10,Customer contact via email hannah.wilson18@techcorp.io or phone (224) 822-7991.
653,George Taylor,george.taylor3@example.com,(216) 780-9834,574-77-3913,4322-9310-6683-3612,2023-09-09,Customer contact via email george.taylor3@example.com or phone (216) 780-9834.
471,Alice Doe,alice.doe93@domain.com,(241) 249-2868,360-63-5992,4655-2632-4858-2112,2025-12-01,Customer contact via email alice.doe93@domain.com or phone (241) 249-2868.
623,Hannah Johnson,hannah.johnson73@domain.com,(786) 542-8091,432-85-5143,4812-3598-6859-5018,2026-06-17,Customer contact via email hannah.johnson73@domain.com or phone (786) 542-8091.
738,Hannah Smith,hannah.smith54@website.org,(243) 790-3464,603-33-3100,4209-4328-8778-8745,2023-04-15,Customer contact via email hannah.smith54@website.org or phone (243) 790-3464.
337,Hannah Smith,hannah.smith7@website.org,(551) 314-3809,922-50-6832,4469-5110-2704-6498,2021-01-02,Customer contact via email hannah.smith7@website.org or phone (551) 314-3809.
563,Fiona Williams,fiona.williams81@company.org,(878) 639-7739,335-84-6845,4721-8201-5054-3581,2026-01-28,Customer contact via email fiona.williams81@company.org or phone (878) 639-7739.
529,Emma Taylor,emma.taylor47@techcorp.io,(715) 516-2782,335-19-9313,4185-2330-8739-3103,2026-03-21,Customer contact via email emma.taylor47@techcorp.io or phone (715) 516-2782.
132,Fiona Taylor,fiona.taylor61@example.com,(981) 734-8809,110-51-1396,4469-9030-1250-3640,2022-06-20,Customer contact via email fiona.taylor61@example.com or phone (981) 734-8809.
619,Bob Brown,bob.brown25@company.org,(217) 501-6541,757-41-6932,4781-7828-7309-2405,2025-08-20,Customer contact via email bob.brown25@company.org or phone (217) 501-6541.
894,Alice Davis,alice.davis59@website.org,(622) 282-2653,888-85-9142,4897-3132-8018-2030,2024-10-02,Customer contact via email alice.davis59@website.org or phone (622) 282-2653.
598,Jane Davis,jane.davis38@mail.net,(536) 222-4787,907-84-2458,4302-8659-1524-8877,2026-02-22,Customer contact via email jane.davis38@mail.net or phone (536) 222-4787.
372,Emma Brown,emma.brown21@mail.net,(724) 509-3164,556-30-3163,4982-1952-8949-5124,2026-02-16,Customer contact via email emma.brown21@mail.net or phone (724) 509-3164.
714,Jane Davis,jane.davis91@company.org,(869) 436-3764,325-51-1199,4715-8112-6522-2384,2020-04-17,Customer contact via email jane.davis91@company.org or phone (869) 436-3764.
227,John Wilson,john.wilson67@mail.net,(834) 417-9825,709-76-6838,4598-1844-3629-1581,2026-01-03,Customer contact via email john.wilson67@mail.net or phone (834) 417-9825.
534,Charlie Williams,charlie.williams69@company.org,(668) 332-1378,412-31-6734,4422-8085-5335-4010,2023-08-18,Customer contact via email charlie.williams69@company.org or phone (668) 332-1378.
319,John Wilson,john.wilson9@example.com,(612) 768-5598,908-25-2838,4808-6460-7843-3929,2026-11-08,Customer contact via email john.wilson9@example.com or phone (612) 768-5598.
136,David Wilson,david.wilson31@mail.net,(302) 455-1555,454-64-7343,4155-8419-7899-2411,2021-08-27,Customer contact via email david.wilson31@mail.net or phone (302) 455-1555.
887,George Davis,george.davis74@mail.net,(735) 558-7336,198-62-3652,4986-6124-5914-4914,2021-04-23,Customer contact via email george.davis74@mail.net or phone (735) 558-7336.
388,Jane Miller,jane.miller53@company.org,(936) 214-9109,667-26-1569,4252-8567-4322-8887,2021-10-13,Customer contact via email jane.miller53@company.org or phone (936) 214-9109.
968,George Miller,george.miller59@mail.net,(226) 691-8970,813-64-4511,4685-6905-3838-5140,2021-02-01,Customer contact via email george.miller59@mail.net or phone (226) 691-8970.
205,Fiona Williams,fiona.williams61@domain.com,(402) 739-1417,711-33-4331,4785-1545-1734-9760,2025-10-21,Customer contact via email fiona.williams61@domain.com or phone (402) 739-1417.
735,Fiona Davis,fiona.davis66@techcorp.io,(318) 589-1233,603-62-3124,4211-6256-4841-4841,2024-03-04,Customer contact via email fiona.davis66@techcorp.io or phone (318) 589-1233.
775,George Williams,george.williams42@domain.com,(990) 676-3363,949-55-6390,4570-3476-3680-7064,2023-07-14,Customer contact via email george.williams42@domain.com or phone (990) 676-3363.
523,Charlie Taylor,charlie.taylor97@website.org,(406) 806-7198,209-72-9334,4231-3213-4796-3178,2024-03-15,Customer contact via email charlie.taylor97@website.org or phone (406) 806-7198.
638,Alice Doe,alice.doe50@website.org,(699) 683-7196,649-20-9509,4926-1869-4969-2774,2022-12-10,Customer contact via email alice.doe50@website.org or phone (699) 683-7196.
688,David Doe,david.doe58@mail.net,(496) 292-2196,336-38-8461,4078-1849-5011-3094,2020-08-14,Customer contact via email david.doe58@mail.net or phone (496) 292-2196.
18,Charlie Smith,charlie.smith96@domain.com,(702) 366-6064,667-59-8082,4494-7857-8604-7180,2023-09-01,Customer contact via email charlie.smith96@domain.com or phone (702) 366-6064.
827,George Brown,george.brown79@website.org,(996) 234-4823,635-95-3749,4704-1759-2343-1548,2026-06-05,Customer contact via email george.brown79@website.org or phone (996) 234-4823.
356,Alice Miller,alice.miller2@example.com,(656) 877-8511,873-23-8180,4280-4560-7917-3995,2025-11-27,Customer contact via email alice.miller2@example.com or phone (656) 877-8511.
266,Bob Miller,bob.miller36@example.com,(264) 872-9024,597-27-9933,4260-9979-6713-2819,2020-05-02,Customer contact via email bob.miller36@example.com or phone (264) 872-9024.
833,Hannah Miller,hannah.miller4@example.com,(910) 990-5716,911-27-6140,4316-1681-5908-1837,2020-07-25,Customer contact via email hannah.miller4@example.com or phone (910) 990-5716.
39,Jane Williams,jane.williams46@techcorp.io,(997) 727-6019,449-41-5777,4458-4844-3460-8175,2022-05-28,Customer contact via email jane.williams46@techcorp.io or phone (997) 727-6019.
613,George Brown,george.brown51@domain.com,(947) 664-9802,853-98-4113,4799-5829-9916-9026,2026-09-21,Customer contact via email george.brown51@domain.com or phone (947) 664-9802.
432,Jane Taylor,jane.taylor89@website.org,(386) 492-6962,957-27-1160,4937-2240-7758-5266,2025-07-18,Customer contact via email jane.taylor89@website.org or phone (386) 492-6962.
984,George Taylor,george.taylor55@website.org,(848) 791-4279,138-23-7925,4844-7909-8717-3603,2025-07-26,Customer contact via email george.taylor55@website.org or phone (848) 791-4279.
140,Emma Davis,emma.davis36@example.com,(280) 637-6371,988-78-4193,4308-3656-4907-8798,2024-04-22,Customer contact via email emma.davis36@example.com or phone (280) 637-6371.
310,George Brown,george.brown95@domain.com,(842) 279-1220,126-37-7739,4430-2499-1172-3824,2020-02-24,Customer contact via email george.brown95@domain.com or phone (842) 279-1220.
879,John Taylor,john.taylor7@techcorp.io,(515) 634-8449,263-57-6716,4187-3245-1884-3176,2026-12-01,Customer contact via email john.taylor7@techcorp.io or phone (515) 634-8449.
433,David Williams,david.williams69@website.org,(747) 936-7482,721-90-2345,4512-6855-9099-9295,2023-09-06,Customer contact via email david.williams69@website.org or phone (747) 936-7482.
761,Charlie Davis,charlie.davis67@website.org,(585) 527-6158,283-56-6356,4884-9385-6601-6191,2025-12-26,Customer contact via email charlie.davis67@website.org or phone (585) 527-6158.
615,David Johnson,david.johnson43@company.org,(430) 343-4719,686-19-1056,4772-5319-9681-5238,2024-12-16,Customer contact via email david.johnson43@company.org or phone (430) 343-4719.
858,Alice Wilson,alice.wilson9@techcorp.io,(982) 638-7338,946-29-6204,4107-4978-9508-7051,2021-11-07,Customer contact via email alice.wilson9@techcorp.io or phone (982) 638-7338.
404,Emma Miller,emma.miller9@techcorp.io,(993) 296-1954,991-29-6426,4342-8925-2740-1331,2021-01-05,Customer contact via email emma.miller9@techcorp.io or phone (993) 296-1954.
20,David Jones,david.jones33@company.org,(942) 433-5744,688-25-8727,4652-9068-9999-9170,2021-11-27,Customer contact via email david.jones33@company.org or phone (942) 433-5744.
971,Bob Miller,bob.miller11@website.org,(667) 325-9655,835-57-7621,4313-3018-5601-8408,2020-09-24,Customer contact via email bob.miller11@website.org or phone (667) 325-9655.
57,George Taylor,george.taylor2@techcorp.io,(867) 830-6055,463-13-8227,4420-2754-1775-9687,2020-07-20,Customer contact via email george.taylor2@techcorp.io or phone (867) 830-6055.
669,John Miller,john.miller86@company.org,(467) 711-7116,516-67-9099,4910-2817-2522-1546,2023-12-01,Customer contact via email john.miller86@company.org or phone (467) 711-7116.
815,Emma Davis,emma.davis18@domain.com,(992) 524-2970,737-85-7777,4785-6919-4341-6050,2020-02-25,Customer contact via email emma.davis18@domain.com or phone (992) 524-2970.
411,David Johnson,david.johnson40@techcorp.io,(817) 455-9301,137-30-9589,4225-3182-3343-4813,2023-01-20,Customer contact via email david.johnson40@techcorp.io or phone (817) 455-9301.
21,Emma Williams,emma.williams89@techcorp.io,(410) 575-1616,686-51-8568,4594-3350-3069-5672,2022-06-26,Customer contact via email emma.williams89@techcorp.io or phone (410) 575-1616.
112,Jane Smith,jane.smith86@company.org,(985) 973-3018,827-18-1978,4640-7766-9259-2295,2024-09-17,Customer contact via email jane.smith86@company.org or phone (985) 973-3018.
296,George Brown,george.brown45@website.org,(309) 410-7147,658-31-8785,4988-1354-2705-1489,2024-06-21,Customer contact via email george.brown45@website.org or phone (309) 410-7147.
245,David Doe,david.doe10@domain.com,(924) 345-3701,467-78-4472,4688-1365-1126-5099,2022-07-09,Customer contact via email david.doe10@domain.com or phone (924) 345-3701.
290,Hannah Taylor,hannah.taylor33@example.com,(332) 926-1649,316-60-4645,4015-1128-8068-6413,2020-11-26,Customer contact via email hannah.taylor33@example.com or phone (332) 926-1649.
60,Jane Brown,jane.brown35@company.org,(701) 295-6627,337-30-8961,4666-6470-5963-1740,2023-07-21,Customer contact via email jane.brown35@company.org or phone (701) 295-6627.
699,Bob Jones,bob.jones37@company.org,(962) 628-7045,173-67-4487,4266-3448-4356-2636,2021-12-05,Customer contact via email bob.jones37@company.org or phone (962) 628-7045.
405,Fiona Johnson,fiona.johnson48@website.org,(603) 938-1479,527-87-3668,4123-4888-5518-1824,2024-06-08,Customer contact via email fiona.johnson48@website.org or phone (603) 938-1479.
963,David Williams,david.williams30@domain.com,(596) 219-4419,244-30-4189,4612-2960-7794-8926,2026-11-18,Customer contact via email david.williams30@domain.com or phone (596) 219-4419.
462,Alice Johnson,alice.johnson75@website.org,(363) 457-7317,497-40-5328,4340-7092-9109-5350,2020-06-20,Customer contact via email alice.johnson75@website.org or phone (363) 457-7317.
490,Charlie Williams,charlie.williams42@techcorp.io,(320) 838-5361,169-24-8303,4136-3046-6532-1034,2023-06-04,Customer contact via email charlie.williams42@techcorp.io or phone (320) 838-5361.
94,John Wilson,john.wilson26@mail.net,(938) 595-4791,123-68-8207,4304-8942-1759-6052,2020-11-07,Customer contact via email john.wilson26@mail.net or phone (938) 595-4791.
869,Emma Jones,emma.jones80@website.org,(358) 497-3054,880-28-6368,4060-7016-9582-7814,2020-06-25,Customer contact via email emma.jones80@website.org or phone (358) 497-3054.
248,Emma Smith,emma.smith63@techcorp.io,(959) 636-2788,707-36-9897,4017-9185-1705-6103,2020-05-17,Customer contact via email emma.smith63@techcorp.io or phone (959) 636-2788.
109,Charlie Wilson,charlie.wilson54@website.org,(613) 470-1379,573-64-8551,4627-6066-4712-6316,2024-07-28,Customer contact via email charlie.wilson54@website.org or phone (613) 470-1379.
960,George Taylor,george.taylor78@website.org,(463) 279-9617,848-36-7279,4603-7762-4978-8548,2021-12-23,Customer contact via email george.taylor78@website.org or phone (463) 279-9617.
758,Alice Williams,alice.williams51@mail.net,(807) 264-5363,581-18-8637,4730-7301-6235-9864,2026-03-14,Customer contact via email alice.williams51@mail.net or phone (807) 264-5363.
932,Jane Doe,jane.doe86@domain.com,(285) 682-1460,565-40-8612,4572-7233-2390-8372,2023-03-17,Customer contact via email jane.doe86@domain.com or phone (285) 682-1460.
371,Alice Doe,alice.doe24@example.com,(839) 831-1009,332-78-2142,4450-7243-5945-8667,2024-09-16,Customer contact via email alice.doe24@example.com or phone (839) 831-1009.
912,Alice Williams,alice.williams1@domain.com,(412) 513-9557,613-22-8824,4027-8721-9134-9057,2025-10-27,Customer contact via email alice.williams1@domain.com or phone (412) 513-9557.
570,Jane Williams,jane.williams88@mail.net,(806) 582-1381,310-66-3205,4122-8815-6310-8464,2025-11-10,Customer contact via email jane.williams88@mail.net or phone (806) 582-1381.
142,Hannah Johnson,hannah.johnson82@domain.com,(458) 696-9501,797-33-4202,4501-4201-8576-3220,2025-12-28,Customer contact via email hannah.johnson82@domain.com or phone (458) 696-9501.
831,Emma Taylor,emma.taylor23@domain.com,(978) 423-6115,189-16-6841,4307-9074-7187-1601,2024-09-01,Customer contact via email emma.taylor23@domain.com or phone (978) 423-6115.
16,Hannah Johnson,hannah.johnson51@example.com,(572) 475-7114,996-11-6093,4952-9035-6470-8057,2021-05-06,Customer contact via email hannah.johnson51@example.com or phone (572) 475-7114.
794,John Smith,john.smith24@techcorp.io,(897) 971-9783,469-74-5809,4972-5541-1014-5731,2021-03-14,Customer contact via email john.smith24@techcorp.io or phone (897) 971-9783.
792,Emma Wilson,emma.wilson50@domain.com,(330) 861-2832,969-33-7112,4516-2850-8571-5186,2021-09-18,Customer contact via email emma.wilson50@domain.com or phone (330) 861-2832.
682,Hannah Miller,hannah.miller68@techcorp.io,(921) 336-3168,379-95-2162,4609-2455-8705-7827,2025-02-10,Customer contact via email hannah.miller68@techcorp.io or phone (921) 336-3168.
130,Jane Smith,jane.smith69@example.com,(267) 530-4075,176-38-3933,4335-3525-9304-5380,2024-09-28,Customer contact via email jane.smith69@example.com or phone (267) 530-4075.
515,Alice Smith,alice.smith89@techcorp.io,(368) 683-1835,408-27-6520,4006-6219-9816-5393,2021-03-02,Customer contact via email alice.smith89@techcorp.io or phone (368) 683-1835.
163,Alice Wilson,alice.wilson31@domain.com,(922) 790-4791,833-48-7783,4054-8090-7563-2463,2026-08-15,Customer contact via email alice.wilson31@domain.com or phone (922) 790-4791.
152,John Smith,john.smith92@website.org,(638) 318-8657,590-38-7463,4284-1537-7271-6237,2024-03-12,Customer contact via email john.smith92@website.org or phone (638) 318-8657.
939,John Davis,john.davis92@mail.net,(380) 869-8004,838-93-4229,4725-5326-5810-6744,2025-09-14,Customer contact via email john.davis92@mail.net or phone (380) 869-8004.
40,George Brown,george.brown12@techcorp.io,(271) 465-6593,985-46-3780,4124-9803-8241-5533,2025-08-02,Customer contact via email george.brown12@techcorp.io or phone (271) 465-6593.
172,George Miller,george.miller91@domain.com,(528) 943-2782,972-33-6335,4086-3232-4986-8703,2024-09-15,Customer contact via email george.miller91@domain.com or phone (528) 943-2782.
649,George Smith,george.smith49@techcorp.io,(208) 222-7022,548-12-4686,4193-4645-7057-5574,2020-07-18,Customer contact via email george.smith49@techcorp.io or phone (208) 222-7022.
778,Hannah Williams,hannah.williams70@domain.com,(460) 240-8506,329-59-9686,4319-7585-6468-7165,2021-02-21,Customer contact via email hannah.williams70@domain.com or phone (460) 240-8506.
687,Emma Taylor,emma.taylor17@example.com,(753) 389-5479,696-81-8981,4472-3295-1064-7818,2023-08-09,Customer contact via email emma.taylor17@example.com or phone (753) 389-5479.
817,Fiona Brown,fiona.brown37@company.org,(390) 559-1564,308-81-4812,4278-5113-4940-8111,2026-04-09,Customer contact via email fiona.brown37@company.org or phone (390) 559-1564.
162,Emma Miller,emma.miller91@example.com,(859) 506-3508,178-26-2397,4617-2178-2094-6382,2022-01-12,Customer contact via email emma.miller91@example.com or phone (859) 506-3508.
219,Alice Doe,alice.doe5@company.org,(986) 703-7214,235-27-4184,4305-1957-5691-5695,2024-11-12,Customer contact via email alice.doe5@company.org or phone (986) 703-7214.
921,Alice Davis,alice.davis70@example.com,(566) 606-8823,589-67-5454,4372-4011-9472-8476,2020-05-25,Customer contact via email alice.davis70@example.com or phone (566) 606-8823.
135,John Brown,john.brown65@techcorp.io,(774) 308-9692,550-35-7470,4881-1601-3326-9056,2022-04-23,Customer contact via email john.brown65@techcorp.io or phone (774) 308-9692.
732,Fiona Johnson,fiona.johnson9@example.com,(906) 803-5377,384-96-2445,4473-7892-4039-1550,2024-10-21,Customer contact via email fiona.johnson9@example.com or phone (906) 803-5377.
852,Fiona Brown,fiona.brown35@company.org,(880) 242-5776,816-52-9697,4981-1467-2452-2785,2023-06-26,Customer contact via email fiona.brown35@company.org or phone (880) 242-5776.
788,Hannah Williams,hannah.williams85@website.org,(422) 988-5199,502-83-4865,4187-7637-4147-9802,2020-04-18,Customer contact via email hannah.williams85@website.org or phone (422) 988-5199.
612,Hannah Johnson,hannah.johnson26@website.org,(956) 518-7411,152-66-3291,4883-9308-9544-5805,2021-05-12,Customer contact via email hannah.johnson26@website.org or phone (956) 518-7411.
524,Emma Brown,emma.brown2@techcorp.io,(731) 527-1518,875-94-7796,4123-9166-8683-7589,2021-11-21,Customer contact via email emma.brown2@techcorp.io or phone (731) 527-1518.
211,Jane Jones,jane.jones89@domain.com,(817) 217-5344,799-41-9923,4663-6502-3582-8366,2020-04-04,Customer contact via email jane.jones89@domain.com or phone (817) 217-5344.
403,Charlie Taylor,charlie.taylor96@techcorp.io,(405) 802-5367,222-68-2230,4248-2998-6105-1616,2025-03-07,Customer contact via email charlie.taylor96@techcorp.io or phone (405) 802-5367.
753,Jane Jones,jane.jones59@mail.net,(638) 650-4568,348-57-2285,4983-1687-4423-2653,2021-05-09,Customer contact via email jane.jones59@mail.net or phone (638) 650-4568.
536,George Doe,george.doe35@techcorp.io,(733) 364-4021,981-45-9950,4085-9013-4978-4380,2024-01-28,Customer contact via email george.doe35@techcorp.io or phone (733) 364-4021.
558,Fiona Williams,fiona.williams28@company.org,(433) 464-4359,343-12-4505,4241-2631-8499-3159,2022-03-25,Customer contact via email fiona.williams28@company.org or phone (433) 464-4359.
683,Charlie Brown,charlie.brown67@example.com,(713) 332-3774,282-17-4313,4332-7333-5558-5385,2024-06-26,Customer contact via email charlie.brown67@example.com or phone (713) 332-3774.
44,Bob Johnson,bob.johnson45@techcorp.io,(714) 607-7359,949-25-4393,4885-2896-4606-3323,2020-04-11,Customer contact via email bob.johnson45@techcorp.io or phone (714) 607-7359.
75,Fiona Taylor,fiona.taylor80@techcorp.io,(388) 507-1204,287-26-1130,4350-5820-6318-7226,2021-12-27,Customer contact via email fiona.taylor80@techcorp.io or phone (388) 507-1204.
528,Bob Davis,bob.davis8@domain.com,(417) 411-4553,431-98-5049,4744-2271-7212-1927,2024-06-28,Customer contact via email bob.davis8@domain.com or phone (417) 411-4553.
934,Fiona Davis,fiona.davis44@mail.net,(886) 488-5952,567-88-2913,4119-7502-3921-2479,2020-11-20,Customer contact via email fiona.davis44@mail.net or phone (886) 488-5952.
313,Bob Wilson,bob.wilson7@mail.net,(776) 643-7991,760-22-5905,4293-9014-1770-6536,2021-08-26,Customer contact via email bob.wilson7@mail.net or phone (776) 643-7991.
146,David Wilson,david.wilson46@mail.net,(513) 652-2914,987-91-5027,4703-7892-5131-7477,2020-03-28,Customer contact via email david.wilson46@mail.net or phone (513) 652-2914.
370,George Miller,george.miller7@company.org,(862) 735-3881,618-79-3355,4046-9783-1338-9011,2024-07-11,Customer contact via email george.miller7@company.org or phone (862) 735-3881.
991,Emma Brown,emma.brown4@domain.com,(690) 898-8125,404-10-5078,4120-5376-6309-6744,2022-05-16,Customer contact via email emma.brown4@domain.com or phone (690) 898-8125.
959,Charlie Smith,charlie.smith21@example.com,(670) 771-1419,163-89-3702,4081-6466-4810-8731,2022-01-05,Customer contact via email charlie.smith21@example.com or phone (670) 771-1419.
657,Alice Wilson,alice.wilson52@techcorp.io,(537) 266-6062,988-64-9833,4472-4169-7101-1159,2024-10-22,Customer contact via email alice.wilson52@techcorp.io or phone (537) 266-6062.
204,Jane Taylor,jane.taylor2@example.com,(854) 448-3834,173-44-4006,4795-5703-7370-2584,2020-12-11,Customer contact via email jane.taylor2@example.com or phone (854) 448-3834.
586,David Miller,david.miller8@mail.net,(821) 643-3720,630-73-8164,4321-2365-5048-8098,2020-02-10,Customer contact via email david.miller8@mail.net or phone (821) 643-3720.
76,Bob Taylor,bob.taylor96@company.org,(994) 622-2646,312-49-7593,4900-5037-9434-1383,2022-04-09,Customer contact via email bob.taylor96@company.org or phone (994) 622-2646.
521,Alice Miller,alice.miller58@company.org,(289) 961-7031,139-77-8993,4440-6770-4079-7162,2021-08-19,Customer contact via email alice.miller58@company.org or phone (289) 961-7031.
55,Alice Brown,alice.brown40@company.org,(209) 650-7438,866-24-4064,4291-1923-4026-3215,2024-03-24,Customer contact via email alice.brown40@company.org or phone (209) 650-7438.
510,Alice Taylor,alice.taylor6@mail.net,(717) 570-1843,292-65-9101,4162-3591-6989-3124,2022-12-04,Customer contact via email alice.taylor6@mail.net or phone (717) 570-1843.
483,George Davis,george.davis84@company.org,(750) 228-6161,479-88-6984,4400-4696-4086-8726,2021-05-12,Customer contact via email george.davis84@company.org or phone (750) 228-6161.
554,Alice Wilson,alice.wilson96@website.org,(570) 450-1545,824-72-6722,4875-4788-7602-1789,2021-08-18,Customer contact via email alice.wilson96@website.org or phone (570) 450-1545.
947,George Smith,george.smith78@mail.net,(503) 615-7850,831-97-5275,4820-6626-7846-1975,2020-11-20,Customer contact via email george.smith78@mail.net or phone (503) 615-7850.
562,Jane Doe,jane.doe80@domain.com,(456) 902-8528,423-58-1534,4220-4779-7771-6277,2026-01-19,Customer contact via email jane.doe80@domain.com or phone (456) 902-8528.
707,Bob Brown,bob.brown51@mail.net,(640) 267-5447,453-85-8106,4109-7885-8023-9552,2020-03-20,Customer contact via email bob.brown51@mail.net or phone (640) 267-5447.
985,Bob Williams,bob.williams47@example.com,(996) 242-2080,210-42-5492,4034-7541-6058-3900,2026-10-25,Customer contact via email bob.williams47@example.com or phone (996) 242-2080.
287,Jane Doe,jane.doe97@example.com,(845) 714-6416,963-73-2760,4104-1176-4450-2299,2025-12-25,Customer contact via email jane.doe97@example.com or phone (845) 714-6416.
118,Charlie Smith,charlie.smith40@mail.net,(745) 311-7826,251-42-8914,4286-2245-9598-5819,2023-02-03,Customer contact via email charlie.smith40@mail.net or phone (745) 311-7826.
525,John Jones,john.jones45@techcorp.io,(282) 580-1990,467-57-8096,4338-5222-3376-8810,2023-11-24,Customer contact via email john.jones45@techcorp.io or phone (282) 580-1990.
234,Emma Taylor,emma.taylor22@techcorp.io,(556) 786-2489,808-45-2855,4804-5604-2710-6297,2020-02-17,Customer contact via email emma.taylor22@techcorp.io or phone (556) 786-2489.
632,Jane Davis,jane.davis1@mail.net,(903) 713-2373,503-69-5002,4126-3765-8665-2943,2026-02-02,Customer contact via email jane.davis1@mail.net or phone (903) 713-2373.
667,Alice Brown,alice.brown44@techcorp.io,(962) 989-2436,968-89-7577,4308-6310-3475-5416,2020-12-07,Customer contact via email alice.brown44@techcorp.io or phone (962) 989-2436.
769,Alice Johnson,alice.johnson68@domain.com,(587) 650-1961,720-42-2319,4886-9154-9829-4198,2022-08-24,Customer contact via email alice.johnson68@domain.com or phone (587) 650-1961.
166,Fiona Brown,fiona.brown26@techcorp.io,(469) 561-4957,857-80-8095,4477-5512-2150-9812,2020-06-03,Customer contact via email fiona.brown26@techcorp.io or phone (469) 561-4957.
617,Charlie Doe,charlie.doe12@website.org,(264) 499-9777,988-73-1612,4838-8433-1487-4437,2026-04-12,Customer contact via email charlie.doe12@website.org or phone (264) 499-9777.
795,George Johnson,george.johnson32@domain.com,(674) 871-4229,768-97-9951,4533-3113-4276-1171,2022-09-15,Customer contact via email george.johnson32@domain.com or phone (674) 871-4229.
782,Emma Johnson,emma.johnson7@domain.com,(840) 742-8183,435-34-9845,4110-3553-6002-1681,2023-01-25,Customer contact via email emma.johnson7@domain.com or phone (840) 742-8183.
56,George Johnson,george.johnson90@mail.net,(870) 689-8539,556-91-1981,4408-4174-2291-7049,2023-07-17,Customer contact via email george.johnson90@mail.net or phone (870) 689-8539.
516,John Doe,john.doe65@company.org,(502) 783-7662,200-48-4836,4363-5482-7515-9394,2023-08-13,Customer contact via email john.doe65@company.org or phone (502) 783-7662.
766,Bob Williams,bob.williams75@website.org,(224) 255-2018,109-13-2034,4817-4603-4099-9620,2026-10-05,Customer contact via email bob.williams75@website.org or phone (224) 255-2018.
122,Charlie Taylor,charlie.taylor83@example.com,(804) 566-8748,767-74-5990,4682-2057-3848-9683,2022-06-19,Customer contact via email charlie.taylor83@example.com or phone (804) 566-8748.
945,George Miller,george.miller37@mail.net,(674) 236-9217,115-55-5192,4995-8368-5534-9401,2021-04-06,Customer contact via email george.miller37@mail.net or phone (674) 236-9217.
153,David Doe,david.doe49@example.com,(402) 740-9749,747-75-7342,4360-6660-8999-3712,2020-03-12,Customer contact via email david.doe49@example.com or phone (402) 740-9749.
964,George Jones,george.jones12@example.com,(430) 504-1682,158-73-3140,4720-3625-4872-9409,2023-10-05,Customer contact via email george.jones12@example.com or phone (430) 504-1682.
900,Emma Miller,emma.miller66@mail.net,(653) 340-3636,679-56-6693,4816-9702-4546-3614,2025-06-24,Customer contact via email emma.miller66@mail.net or phone (653) 340-3636.
374,Fiona Williams,fiona.williams91@example.com,(512) 387-6580,954-87-2420,4086-4555-6517-1120,2024-10-10,Customer contact via email fiona.williams91@example.com or phone (512) 387-6580.
342,Hannah Brown,hannah.brown30@company.org,(742) 251-8211,203-71-1787,4564-4273-6124-7462,2021-06-09,Customer contact via email hannah.brown30@company.org or phone (742) 251-8211.
482,Jane Doe,jane.doe93@domain.com,(794) 547-7716,288-64-4064,4702-8589-8661-7760,2024-12-06,Customer contact via email jane.doe93@domain.com or phone (794) 547-7716.
977,Bob Brown,bob.brown28@techcorp.io,(532) 941-1614,152-27-6480,4518-6441-2135-2911,2023-05-12,Customer contact via email bob.brown28@techcorp.io or phone (532) 941-1614.
120,George Davis,george.davis80@example.com,(658) 252-1335,728-52-5204,4094-2504-3035-9686,2020-06-04,Customer contact via email george.davis80@example.com or phone (658) 252-1335.
78,Charlie Doe,charlie.doe32@website.org,(764) 322-9503,184-54-1792,4957-1636-4902-4047,2026-09-24,Customer contact via email charlie.doe32@website.org or phone (764) 322-9503.
543,John Johnson,john.johnson12@website.org,(947) 322-6677,431-52-3299,4243-4547-6213-2579,2022-04-12,Customer contact via email john.johnson12@website.org or phone (947) 322-6677.
389,George Taylor,george.taylor57@company.org,(494) 552-8640,953-64-1479,4144-2070-4310-9491,2020-04-27,Customer contact via email george.taylor57@company.org or phone (494) 552-8640.
63,George Williams,george.williams88@company.org,(851) 774-3007,398-55-8601,4790-1600-6511-9049,2024-07-11,Customer contact via email george.williams88@company.org or phone (851) 774-3007.
572,Jane Brown,jane.brown38@techcorp.io,(960) 874-2293,912-70-1179,4200-5581-7426-8430,2025-01-14,Customer contact via email jane.brown38@techcorp.io or phone (960) 874-2293.
37,Emma Taylor,emma.taylor86@techcorp.io,(656) 399-5210,337-93-2118,4425-9963-7388-6438,2026-10-18,Customer contact via email emma.taylor86@techcorp.io or phone (656) 399-5210.
111,Alice Brown,alice.brown98@techcorp.io,(200) 620-3821,455-63-8355,4456-2566-9303-3999,2021-10-07,Customer contact via email alice.brown98@techcorp.io or phone (200) 620-3821.
549,David Miller,david.miller70@example.com,(796) 343-8289,324-94-5096,4893-6269-8378-5276,2021-10-25,Customer contact via email david.miller70@example.com or phone (796) 343-8289.
935,Emma Smith,emma.smith64@techcorp.io,(568) 375-1606,924-50-5870,4026-8546-9278-5465,2025-11-24,Customer contact via email emma.smith64@techcorp.io or phone (568) 375-1606.
918,George Doe,george.doe4@domain.com,(261) 223-7442,588-76-6246,4530-7750-9538-2962,2024-11-05,Customer contact via email george.doe4@domain.com or phone (261) 223-7442.
225,Jane Williams,jane.williams10@domain.com,(204) 389-6023,757-31-1365,4533-2453-4752-1369,2025-04-04,Customer contact via email jane.williams10@domain.com or phone (204) 389-6023.
332,Charlie Jones,charlie.jones23@mail.net,(847) 956-6195,881-62-3685,4413-1888-2376-7378,2022-05-19,Customer contact via email charlie.jones23@mail.net or phone (847) 956-6195.
694,George Davis,george.davis67@techcorp.io,(752) 819-1215,128-43-7160,4258-3103-5000-4847,2022-06-21,Customer contact via email george.davis67@techcorp.io or phone (752) 819-1215.
799,John Davis,john.davis52@example.com,(520) 606-7923,260-35-8825,4097-5694-8664-6149,2022-02-07,Customer contact via email john.davis52@example.com or phone (520) 606-7923.
275,Emma Davis,emma.davis45@techcorp.io,(928) 675-7529,521-54-8986,4413-3755-8851-4130,2026-09-09,Customer contact via email emma.davis45@techcorp.io or phone (928) 675-7529.
969,John Davis,john.davis45@example.com,(689) 996-7881,723-15-8027,4883-1416-1770-8550,2024-11-07,Customer contact via email john.davis45@example.com or phone (689) 996-7881.
70,Fiona Taylor,fiona.taylor29@techcorp.io,(854) 272-4609,353-45-3462,4487-8899-7439-4398,2023-03-05,Customer contact via email fiona.taylor29@techcorp.io or phone (854) 272-4609.
866,David Jones,david.jones65@website.org,(525) 646-3919,153-75-7904,4528-2198-8206-4509,2023-03-14,Customer contact via email david.jones65@website.org or phone (525) 646-3919.
492,Fiona Doe,fiona.doe15@domain.com,(445) 614-8964,907-22-8251,4090-8140-6390-6655,2021-09-13,Customer contact via email fiona.doe15@domain.com or phone (445) 614-8964.
210,George Williams,george.williams44@example.com,(212) 320-7557,425-93-5992,4841-1171-2014-9421,2023-05-09,Customer contact via email george.williams44@example.com or phone (212) 320-7557.
193,Emma Miller,emma.miller84@domain.com,(314) 344-1721,971-99-6447,4951-5382-9907-4679,2024-02-21,Customer contact via email emma.miller84@domain.com or phone (314) 344-1721.
679,Charlie Davis,charlie.davis50@example.com,(939) 777-5213,647-44-3144,4901-4967-4920-7888,2021-02-06,Customer contact via email charlie.davis50@example.com or phone (939) 777-5213.
644,Fiona Doe,fiona.doe8@mail.net,(986) 691-3426,750-33-1584,4358-2426-5233-9738,2026-05-04,Customer contact via email fiona.doe8@mail.net or phone (986) 691-3426.
889,Jane Miller,jane.miller59@website.org,(494) 414-2973,638-20-4145,4102-7173-1909-5379,2021-01-19,Customer contact via email jane.miller59@website.org or phone (494) 414-2973.
848,Jane Miller,jane.miller49@website.org,(850) 359-8159,628-28-1986,4264-3100-8348-8651,2021-09-08,Customer contact via email jane.miller49@website.org or phone (850) 359-8159.
357,Fiona Jones,fiona.jones84@domain.com,(298) 911-5724,808-35-9712,4121-6866-2484-2812,2025-12-27,Customer contact via email fiona.jones84@domain.com or phone (298) 911-5724.
553,Charlie Jones,charlie.jones6@techcorp.io,(740) 760-7286,677-30-5599,4627-6617-4386-5276,2022-08-20,Customer contact via email charlie.jones6@techcorp.io or phone (740) 760-7286.
125,Alice Doe,alice.doe17@company.org,(323) 790-9425,743-67-9336,4431-9686-8889-2245,2025-03-04,Customer contact via email alice.doe17@company.org or phone (323) 790-9425.
803,Emma Williams,emma.williams28@mail.net,(649) 851-6538,389-24-2482,4277-9762-4601-3263,2026-09-20,Customer contact via email emma.williams28@mail.net or phone (649) 851-6538.
993,David Doe,david.doe74@website.org,(240) 488-9856,670-68-1343,4696-4709-7370-2310,2021-06-20,Customer contact via email david.doe74@website.org or phone (240) 488-9856.
375,Fiona Wilson,fiona.wilson75@domain.com,(882) 858-6046,515-52-3894,4548-9002-6783-2224,2023-05-23,Customer contact via email fiona.wilson75@domain.com or phone (882) 858-6046.
618,George Taylor,george.taylor37@company.org,(651) 665-2834,330-23-5914,4357-8396-5027-2791,2024-02-18,Customer contact via email george.taylor37@company.org or phone (651) 665-2834.
154,George Johnson,george.johnson35@example.com,(423) 905-3205,673-46-1201,4713-6469-4706-4251,2026-07-10,Customer contact via email george.johnson35@example.com or phone (423) 905-3205.
419,Emma Doe,emma.doe93@website.org,(724) 930-5347,246-57-5521,4188-2150-3738-7140,2026-06-17,Customer contact via email emma.doe93@website.org or phone (724) 930-5347.
329,Fiona Davis,fiona.davis19@example.com,(623) 337-1791,325-32-8575,4811-3489-2269-9383,2022-07-23,Customer contact via email fiona.davis19@example.com or phone (623) 337-1791.
774,Fiona Jones,fiona.jones98@company.org,(697) 374-7796,312-63-7820,4593-6092-9451-6974,2021-02-08,Customer contact via email fiona.jones98@company.org or phone (697) 374-7796.
220,Hannah Wilson,hannah.wilson34@mail.net,(871) 459-2396,522-41-8213,4625-7702-6684-7210,2020-07-05,Customer contact via email hannah.wilson34@mail.net or phone (871) 459-2396.
103,Charlie Smith,charlie.smith76@mail.net,(846) 281-5627,848-21-3856,4201-6008-1179-3578,2021-11-17,Customer contact via email charlie.smith76@mail.net or phone (846) 281-5627.
328,Emma Smith,emma.smith28@company.org,(859) 528-3151,506-16-3756,4582-8315-7414-8232,2022-11-17,Customer contact via email emma.smith28@company.org or phone (859) 528-3151.
212,David Wilson,david.wilson92@example.com,(935) 293-5591,445-15-7406,4935-9019-1630-6758,2021-08-21,Customer contact via email david.wilson92@example.com or phone (935) 293-5591.
743,Bob Davis,bob.davis44@techcorp.io,(897) 926-4565,268-68-8089,4639-1279-1118-3054,2026-07-23,Customer contact via email bob.davis44@techcorp.io or phone (897) 926-4565.
496,Fiona Brown,fiona.brown80@website.org,(460) 996-3165,943-21-5344,4719-7532-2590-1663,2023-01-01,Customer contact via email fiona.brown80@website.org or phone (460) 996-3165.
365,Hannah Taylor,hannah.taylor85@company.org,(357) 908-8743,644-64-2049,4317-2049-5662-4864,2025-12-02,Customer contact via email hannah.taylor85@company.org or phone (357) 908-8743.
312,Emma Smith,emma.smith32@example.com,(942) 671-3201,331-88-6607,4747-6620-4338-3535,2025-08-15,Customer contact via email emma.smith32@example.com or phone (942) 671-3201.
6,Jane Davis,jane.davis46@example.com,(489) 788-7765,233-75-6979,4361-4024-5462-9547,2020-12-17,Customer contact via email jane.davis46@example.com or phone (489) 788-7765.
299,George Smith,george.smith65@example.com,(297) 793-5396,319-32-5798,4047-1215-7442-6559,2020-03-07,Customer contact via email george.smith65@example.com or phone (297) 793-5396.
567,Emma Smith,emma.smith65@techcorp.io,(334) 976-3067,546-57-1767,4613-2471-4376-7706,2021-05-01,Customer contact via email emma.smith65@techcorp.io or phone (334) 976-3067.
505,Bob Davis,bob.davis21@company.org,(827) 900-7758,222-99-6441,4086-4781-5865-5590,2022-06-19,Customer contact via email bob.davis21@company.org or phone (827) 900-7758.
19,David Davis,david.davis50@domain.com,(325) 410-8369,419-94-4501,4246-7506-7753-7280,2024-09-25,Customer contact via email david.davis50@domain.com or phone (325) 410-8369.
542,David Smith,david.smith95@techcorp.io,(669) 349-4307,324-30-1104,4081-7468-9677-8883,2020-12-09,Customer contact via email david.smith95@techcorp.io or phone (669) 349-4307.
90,George Wilson,george.wilson49@mail.net,(535) 773-7203,980-47-8070,4317-1349-2926-2274,2026-12-13,Customer contact via email george.wilson49@mail.net or phone (535) 773-7203.
978,Bob Brown,bob.brown79@mail.net,(981) 706-8892,815-93-6963,4880-7227-9855-7603,2022-08-03,Customer contact via email bob.brown79@mail.net or phone (981) 706-8892.
113,George Doe,george.doe78@mail.net,(953) 530-6377,897-88-8713,4688-4706-9366-3418,2024-03-17,Customer contact via email george.doe78@mail.net or phone (953) 530-6377.
790,Fiona Wilson,fiona.wilson97@website.org,(355) 501-5794,530-97-4967,4045-6730-6677-9796,2026-08-15,Customer contact via email fiona.wilson97@website.org or phone (355) 501-5794.
539,John Wilson,john.wilson96@mail.net,(260) 589-5518,726-32-1719,4821-6678-1863-2915,2025-11-07,Customer contact via email john.wilson96@mail.net or phone (260) 589-5518.
655,Bob Taylor,bob.taylor78@website.org,(289) 464-1831,985-46-7460,4574-8265-5886-4321,2021-06-02,Customer contact via email bob.taylor78@website.org or phone (289) 464-1831.
61,David Taylor,david.taylor55@domain.com,(492) 368-3104,782-57-1944,4063-4708-9841-8689,2024-12-05,Customer contact via email david.taylor55@domain.com or phone (492) 368-3104.
740,Hannah Smith,hannah.smith79@domain.com,(432) 446-4271,248-54-8675,4154-5467-3530-5636,2024-01-01,Customer contact via email hannah.smith79@domain.com or phone (432) 446-4271.
177,John Doe,john.doe37@techcorp.io,(852) 965-8237,655-30-7717,4782-8750-5922-8267,2025-06-17,Customer contact via email john.doe37@techcorp.io or phone (852) 965-8237.
376,Emma Jones,emma.jones41@mail.net,(248) 997-4022,841-92-8303,4540-1660-2155-9414,2020-10-23,Customer contact via email emma.jones41@mail.net or phone (248) 997-4022.
450,David Williams,david.williams73@techcorp.io,(513) 602-8377,575-92-8068,4944-9630-9079-4376,2025-12-06,Customer contact via email david.williams73@techcorp.io or phone (513) 602-8377.
286,Jane Jones,jane.jones98@domain.com,(666) 917-1215,697-61-8214,4959-6629-2181-7628,2022-05-01,Customer contact via email jane.jones98@domain.com or phone (666) 917-1215.
651,David Johnson,david.johnson59@company.org,(635) 978-2940,180-59-3005,4873-8214-1057-6268,2021-07-12,Customer contact via email david.johnson59@company.org or phone (635) 978-2940.
184,John Davis,john.davis14@techcorp.io,(966) 904-6731,774-42-1861,4942-9078-2933-1781,2024-03-04,Customer contact via email john.davis14@techcorp.io or phone (966) 904-6731.
628,George Jones,george.jones59@mail.net,(946) 311-9784,994-15-3577,4127-4402-2175-7648,2020-05-13,Customer contact via email george.jones59@mail.net or phone (946) 311-9784.
837,Jane Davis,jane.davis36@website.org,(396) 783-9076,995-91-6683,4030-1257-9430-7013,2020-12-27,Customer contact via email jane.davis36@website.org or phone (396) 783-9076.
127,Charlie Taylor,charlie.taylor35@mail.net,(431) 866-6813,374-69-4283,4359-8078-2723-6384,2026-03-19,Customer contact via email charlie.taylor35@mail.net or phone (431) 866-6813.
877,Jane Doe,jane.doe44@domain.com,(246) 580-2658,171-23-7591,4848-3878-1825-3157,2025-11-09,Customer contact via email jane.doe44@domain.com or phone (246) 580-2658.
28,Fiona Smith,fiona.smith44@mail.net,(349) 742-7437,909-72-1388,4619-6177-4655-4924,2026-07-17,Customer contact via email fiona.smith44@mail.net or phone (349) 742-7437.
798,John Wilson,john.wilson16@example.com,(222) 470-6641,614-79-3952,4119-5301-1006-5461,2025-12-03,Customer contact via email john.wilson16@example.com or phone (222) 470-6641.
237,Charlie Davis,charlie.davis93@company.org,(693) 410-5517,661-39-9676,4006-7150-6062-9509,2021-08-22,Customer contact via email charlie.davis93@company.org or phone (693) 410-5517.
871,Jane Jones,jane.jones64@company.org,(384) 981-8077,418-57-2325,4723-4897-2618-7730,2023-06-07,Customer contact via email jane.jones64@company.org or phone (384) 981-8077.
580,John Doe,john.doe28@techcorp.io,(551) 331-4505,911-98-4431,4560-4669-6980-2382,2020-03-27,Customer contact via email john.doe28@techcorp.io or phone (551) 331-4505.
395,Charlie Doe,charlie.doe54@company.org,(732) 743-4167,386-18-4985,4373-7519-5644-5358,2024-12-15,Customer contact via email charlie.doe54@company.org or phone (732) 743-4167.
905,Jane Davis,jane.davis22@domain.com,(513) 945-7579,411-56-1913,4091-6252-2248-3070,2020-11-11,Customer contact via email jane.davis22@domain.com or phone (513) 945-7579.
916,Bob Miller,bob.miller76@website.org,(877) 514-8445,984-57-6744,4230-5645-2227-1523,2022-10-08,Customer contact via email bob.miller76@website.org or phone (877) 514-8445.
42,Charlie Johnson,charlie.johnson54@techcorp.io,(353) 518-7490,871-87-5567,4480-5549-7984-7574,2026-11-17,Customer contact via email charlie.johnson54@techcorp.io or phone (353) 518-7490.
31,Alice Williams,alice.williams60@mail.net,(742) 969-3766,676-52-1249,4287-2362-2044-3712,2022-05-10,Customer contact via email alice.williams60@mail.net or phone (742) 969-3766.
927,Charlie Taylor,charlie.taylor10@mail.net,(233) 820-7143,372-75-8718,4394-2125-3896-7815,2021-07-12,Customer contact via email charlie.taylor10@mail.net or phone (233) 820-7143.
261,Hannah Brown,hannah.brown27@company.org,(289) 726-7864,463-93-9820,4159-3782-9455-1765,2023-01-03,Customer contact via email hannah.brown27@company.org or phone (289) 726-7864.
293,John Wilson,john.wilson20@domain.com,(993) 931-9445,718-69-2637,4997-4410-7318-3433,2023-04-11,Customer contact via email john.wilson20@domain.com or phone (993) 931-9445.
80,Jane Doe,jane.doe51@techcorp.io,(779) 500-7980,439-35-4360,4746-6663-3009-2190,2020-09-16,Customer contact via email jane.doe51@techcorp.io or phone (779) 500-7980.
318,Hannah Smith,hannah.smith4@techcorp.io,(760) 972-9049,973-26-3700,4578-6823-6933-7485,2024-01-24,Customer contact via email hannah.smith4@techcorp.io or phone (760) 972-9049.
414,David Smith,david.smith93@domain.com,(970) 521-5709,628-46-4642,4257-6714-3995-3362,2021-11-07,Customer contact via email david.smith93@domain.com or phone (970) 521-5709.
71,Alice Williams,alice.williams99@website.org,(509) 633-8032,162-29-1958,4148-2740-2676-1367,2024-09-28,Customer contact via email alice.williams99@website.org or phone (509) 633-8032.
11,Hannah Miller,hannah.miller46@domain.com,(207) 942-5606,761-48-7553,4843-1616-3520-1010,2025-04-15,Customer contact via email hannah.miller46@domain.com or phone (207) 942-5606.
917,Hannah Johnson,hannah.johnson91@domain.com,(911) 558-2187,472-98-9115,4063-5825-1093-9668,2024-01-21,Customer contact via email hannah.johnson91@domain.com or phone (911) 558-2187.
527,David Brown,david.brown20@example.com,(518) 225-1669,851-59-8333,4701-9861-4484-1209,2021-02-08,Customer contact via email david.brown20@example.com or phone (518) 225-1669.
674,George Jones,george.jones88@website.org,(426) 765-7927,356-37-4040,4993-7797-3147-8244,2023-01-11,Customer contact via email george.jones88@website.org or phone (426) 765-7927.
235,Charlie Jones,charlie.jones64@example.com,(891) 840-9029,369-60-7507,4712-1694-8027-1369,2026-04-19,Customer contact via email charlie.jones64@example.com or phone (891) 840-9029.
710,David Brown,david.brown46@company.org,(488) 296-3924,694-72-4410,4821-3759-1694-3376,2021-08-11,Customer contact via email david.brown46@company.org or phone (488) 296-3924.
666,Fiona Jones,fiona.jones30@company.org,(877) 259-4721,463-17-2329,4604-7614-3159-6134,2026-03-17,Customer contact via email fiona.jones30@company.org or phone (877) 259-4721.
840,Emma Davis,emma.davis32@company.org,(898) 441-8141,146-35-8201,4709-7661-3665-5187,2025-03-17,Customer contact via email emma.davis32@company.org or phone (898) 441-8141.
938,John Williams,john.williams54@techcorp.io,(888) 805-8135,750-45-3718,4377-1663-1824-5440,2020-09-24,Customer contact via email john.williams54@techcorp.io or phone (888) 805-8135.
493,Alice Doe,alice.doe94@company.org,(614) 710-2669,921-63-4825,4468-4602-3027-2716,2022-03-05,Customer contact via email alice.doe94@company.org or phone (614) 710-2669.
797,Alice Miller,alice.miller67@website.org,(559) 407-4631,888-61-7335,4774-9139-2146-2641,2023-11-04,Customer contact via email alice.miller67@website.org or phone (559) 407-4631.
899,Hannah Johnson,hannah.johnson98@domain.com,(460) 716-2676,147-77-8459,4206-6198-1448-8171,2023-04-17,Customer contact via email hannah.johnson98@domain.com or phone (460) 716-2676.
116,Alice Williams,alice.williams90@mail.net,(722) 270-8005,475-98-9620,4556-7605-6096-3404,2023-08-28,Customer contact via email alice.williams90@mail.net or phone (722) 270-8005.
124,John Williams,john.williams58@website.org,(237) 487-2700,431-58-3180,4609-2505-2903-6029,2022-12-03,Customer contact via email john.williams58@website.org or phone (237) 487-2700.
933,Emma Johnson,emma.johnson77@techcorp.io,(302) 633-3263,738-74-8091,4133-6503-8519-3731,2022-01-03,Customer contact via email emma.johnson77@techcorp.io or phone (302) 633-3263.
785,Emma Wilson,emma.wilson15@mail.net,(855) 666-7084,382-85-1329,4625-8231-9414-1365,2023-12-18,Customer contact via email emma.wilson15@mail.net or phone (855) 666-7084.
648,David Brown,david.brown94@domain.com,(218) 617-8562,948-52-1137,4777-1729-3952-4531,2026-02-07,Customer contact via email david.brown94@domain.com or phone (218) 617-8562.
93,David Jones,david.jones97@domain.com,(331) 232-4796,571-80-4165,4347-5791-1498-1270,2022-04-03,Customer contact via email david.jones97@domain.com or phone (331) 232-4796.
298,John Doe,john.doe37@company.org,(954) 767-7962,680-78-5520,4929-4438-3945-8388,2025-01-18,Customer contact via email john.doe37@company.org or phone (954) 767-7962.
576,Hannah Davis,hannah.davis62@techcorp.io,(883) 664-4474,282-34-1529,4812-3592-2784-3800,2022-04-03,Customer contact via email hannah.davis62@techcorp.io or phone (883) 664-4474.
779,John Jones,john.jones85@domain.com,(464) 901-9295,129-18-2161,4561-2319-1330-3200,2026-06-03,Customer contact via email john.jones85@domain.com or phone (464) 901-9295.
221,Emma Doe,emma.doe54@website.org,(387) 907-9382,823-27-5504,4125-7737-2173-7305,2020-09-16,Customer contact via email emma.doe54@website.org or phone (387) 907-9382.
509,Fiona Taylor,fiona.taylor85@company.org,(579) 885-4010,165-24-8632,4431-3700-3150-9508,2026-07-14,Customer contact via email fiona.taylor85@company.org or phone (579) 885-4010.
901,Hannah Brown,hannah.brown1@techcorp.io,(629) 790-1628,450-34-4879,4373-8697-9998-2421,2020-12-23,Customer contact via email hannah.brown1@techcorp.io or phone (629) 790-1628.
246,Fiona Smith,fiona.smith16@website.org,(996) 447-2313,911-47-4248,4042-3353-1331-3823,2022-01-20,Customer contact via email fiona.smith16@website.org or phone (996) 447-2313.
258,Emma Taylor,emma.taylor40@techcorp.io,(767) 893-4995,962-82-6947,4530-9024-5088-3682,2021-05-17,Customer contact via email emma.taylor40@techcorp.io or phone (767) 893-4995.
346,Emma Brown,emma.brown65@example.com,(208) 643-2381,295-62-9904,4909-8935-9143-8250,2023-11-09,Customer contact via email emma.brown65@example.com or phone (208) 643-2381.
863,George Smith,george.smith88@mail.net,(915) 756-4167,462-40-6140,4762-5470-1475-6490,2023-08-26,Customer contact via email george.smith88@mail.net or phone (915) 756-4167.
540,Hannah Brown,hannah.brown29@website.org,(752) 981-5314,615-92-5199,4612-7696-6925-2451,2023-11-25,Customer contact via email hannah.brown29@website.org or phone (752) 981-5314.
512,Emma Doe,emma.doe73@mail.net,(445) 903-9669,259-82-2007,4855-4623-1743-7074,2026-07-05,Customer contact via email emma.doe73@mail.net or phone (445) 903-9669.
183,Emma Johnson,emma.johnson31@company.org,(330) 991-6242,462-49-5764,4902-7329-7493-6489,2026-10-02,Customer contact via email emma.johnson31@company.org or phone (330) 991-6242.
989,Alice Miller,alice.miller30@example.com,(745) 901-6263,939-21-9116,4682-5690-9110-9392,2023-04-11,Customer contact via email alice.miller30@example.com or phone (745) 901-6263.
972,Emma Williams,emma.williams90@company.org,(801) 327-8071,520-66-6820,4639-9057-3721-9270,2020-09-07,Customer contact via email emma.williams90@company.org or phone (801) 327-8071.
417,Fiona Miller,fiona.miller85@website.org,(550) 815-3252,203-79-1075,4436-4586-4321-7416,2023-06-05,Customer contact via email fiona.miller85@website.org or phone (550) 815-3252.
7,Charlie Wilson,charlie.wilson70@mail.net,(476) 782-3151,207-50-4356,4297-9910-8224-5518,2023-03-18,Customer contact via email charlie.wilson70@mail.net or phone (476) 782-3151.
802,Fiona Brown,fiona.brown16@domain.com,(843) 381-9617,484-51-8619,4864-3593-7704-2108,2023-08-17,Customer contact via email fiona.brown16@domain.com or phone (843) 381-9617.
391,Emma Williams,emma.williams2@website.org,(317) 786-7516,162-61-3969,4659-6482-3547-1163,2025-12-15,Customer contact via email emma.williams2@website.org or phone (317) 786-7516.
195,Hannah Smith,hannah.smith3@domain.com,(730) 433-7691,347-32-8926,4117-4372-7975-7390,2020-03-10,Customer contact via email hannah.smith3@domain.com or phone (730) 433-7691.
14,Fiona Smith,fiona.smith70@company.org,(889) 398-6541,212-45-8620,4560-6599-2640-1891,2026-11-24,Customer contact via email fiona.smith70@company.org or phone (889) 398-6541.
54,Emma Miller,emma.miller98@mail.net,(639) 401-4755,336-42-5367,4391-7573-7144-9343,2024-02-05,Customer contact via email emma.miller98@mail.net or phone (639) 401-4755.
890,Emma Taylor,emma.taylor99@domain.com,(652) 948-3452,453-50-1670,4663-1861-9381-9606,2020-09-02,Customer contact via email emma.taylor99@domain.com or phone (652) 948-3452.
979,Alice Brown,alice.brown66@domain.com,(572) 413-7036,188-63-5137,4422-4939-4787-9870,2026-09-01,Customer contact via email alice.brown66@domain.com or phone (572) 413-7036.
15,Emma Doe,emma.doe36@company.org,(737) 473-1762,572-68-8280,4647-1131-7224-6807,2021-02-26,Customer contact via email emma.doe36@company.org or phone (737) 473-1762.
702,Emma Brown,emma.brown90@company.org,(584) 523-7169,670-33-7719,4976-6092-1582-6039,2020-04-11,Customer contact via email emma.brown90@company.org or phone (584) 523-7169.
763,Emma Williams,emma.williams38@company.org,(290) 459-2372,926-21-3686,4785-6225-1576-4259,2026-10-18,Customer contact via email emma.williams38@company.org or phone (290) 459-2372.
300,Jane Williams,jane.williams89@domain.com,(310) 867-1486,552-23-9747,4226-3590-1226-3640,2025-09-09,Customer contact via email jane.williams89@domain.com or phone (310) 867-1486.
77,Fiona Taylor,fiona.taylor34@mail.net,(568) 386-9539,128-86-4072,4058-6677-4975-4504,2023-10-21,Customer contact via email fiona.taylor34@mail.net or phone (568) 386-9539.
35,Hannah Wilson,hannah.wilson79@mail.net,(401) 741-9529,860-78-2923,4671-1680-4618-5060,2025-07-01,Customer contact via email hannah.wilson79@mail.net or phone (401) 741-9529.
791,David Jones,david.jones25@example.com,(587) 355-3585,398-57-5950,4819-1979-7414-5897,2020-06-22,Customer contact via email david.jones25@example.com or phone (587) 355-3585.
882,Emma Williams,emma.williams7@domain.com,(357) 403-7811,409-45-8242,4482-3570-8783-3304,2023-07-24,Customer contact via email emma.williams7@domain.com or phone (357) 403-7811.
712,Emma Wilson,emma.wilson30@website.org,(584) 415-8058,795-20-2150,4636-4030-3089-8171,2026-06-20,Customer contact via email emma.wilson30@website.org or phone (584) 415-8058.
96,John Williams,john.williams31@mail.net,(356) 294-2473,965-94-4555,4495-1998-7235-6554,2024-10-01,Customer contact via email john.williams31@mail.net or phone (356) 294-2473.
443,Emma Taylor,emma.taylor77@company.org,(763) 788-3793,869-24-5493,4480-1952-5386-6166,2020-02-17,Customer contact via email emma.taylor77@company.org or phone (763) 788-3793.
897,Bob Jones,bob.jones50@mail.net,(314) 475-3134,171-36-6391,4486-3315-7403-1444,2020-05-09,Customer contact via email bob.jones50@mail.net or phone (314) 475-3134.
255,Emma Smith,emma.smith56@website.org,(828) 216-4562,334-43-9720,4573-1018-3155-6118,2023-09-01,Customer contact via email emma.smith56@website.org or phone (828) 216-4562.
17,Bob Doe,bob.doe38@domain.com,(280) 397-3716,978-85-8824,4303-1948-8664-9799,2026-09-17,Customer contact via email bob.doe38@domain.com or phone (280) 397-3716.
427,Fiona Davis,fiona.davis99@mail.net,(381) 783-2864,467-65-1068,4522-2225-3050-5560,2021-07-15,Customer contact via email fiona.davis99@mail.net or phone (381) 783-2864.
461,John Wilson,john.wilson44@domain.com,(726) 509-4977,828-67-8500,4103-7841-1265-4851,2024-08-17,Customer contact via email john.wilson44@domain.com or phone (726) 509-4977.
616,John Smith,john.smith2@example.com,(235) 742-8000,805-65-9866,4723-2122-5918-6453,2022-07-26,Customer contact via email john.smith2@example.com or phone (235) 742-8000.
254,Charlie Brown,charlie.brown69@techcorp.io,(212) 289-7860,681-75-8232,4051-8376-9374-9890,2023-09-18,Customer contact via email charlie.brown69@techcorp.io or phone (212) 289-7860.
314,David Williams,david.williams76@mail.net,(915) 901-3159,838-43-3915,4838-9447-9955-5742,2025-02-08,Customer contact via email david.williams76@mail.net or phone (915) 901-3159.
715,Alice Williams,alice.williams44@techcorp.io,(517) 429-2392,410-94-1999,4866-2183-3965-6815,2026-01-05,Customer contact via email alice.williams44@techcorp.io or phone (517) 429-2392.
608,Jane Jones,jane.jones95@website.org,(348) 783-8889,820-86-2889,4701-2490-1042-3677,2024-10-26,Customer contact via email jane.jones95@website.org or phone (348) 783-8889.
180,Fiona Brown,fiona.brown21@mail.net,(631) 239-8548,499-20-1602,4590-6062-9386-5053,2024-09-28,Customer contact via email fiona.brown21@mail.net or phone (631) 239-8548.
272,Fiona Doe,fiona.doe23@company.org,(870) 967-2514,401-27-4750,4551-9545-7230-8227,2021-07-01,Customer contact via email fiona.doe23@company.org or phone (870) 967-2514.
322,David Smith,david.smith99@example.com,(974) 819-7064,329-89-7206,4122-9699-8055-5698,2025-12-19,Customer contact via email david.smith99@example.com or phone (974) 819-7064.
199,Fiona Wilson,fiona.wilson65@example.com,(807) 819-4004,687-48-1089,4231-6580-3454-1462,2021-03-02,Customer contact via email fiona.wilson65@example.com or phone (807) 819-4004.
940,Charlie Johnson,charlie.johnson49@techcorp.io,(247) 610-3420,760-85-5295,4783-8033-2657-8341,2026-08-11,Customer contact via email charlie.johnson49@techcorp.io or phone (247) 610-3420.
747,Charlie Williams,charlie.williams94@mail.net,(595) 981-8077,132-42-1723,4714-7491-2381-9965,2025-12-26,Customer contact via email charlie.williams94@mail.net or phone (595) 981-8077.
208,Hannah Taylor,hannah.taylor2@domain.com,(516) 242-8381,143-39-3617,4160-4791-4144-1188,2023-02-18,Customer contact via email hannah.taylor2@domain.com or phone (516) 242-8381.
810,Hannah Davis,hannah.davis64@company.org,(866) 531-9974,270-52-4594,4304-3838-1005-5880,2024-06-13,Customer contact via email hannah.davis64@company.org or phone (866) 531-9974.
242,John Williams,john.williams61@company.org,(347) 984-6724,828-73-6880,4272-2858-1601-7047,2026-05-11,Customer contact via email john.williams61@company.org or phone (347) 984-6724.
514,Fiona Taylor,fiona.taylor50@example.com,(933) 231-9015,530-50-9899,4244-3541-6067-2180,2020-04-27,Customer contact via email fiona.taylor50@example.com or phone (933) 231-9015.
741,Jane Doe,jane.doe55@website.org,(458) 247-1926,445-51-3180,4026-8445-2484-2817,2022-02-21,Customer contact via email jane.doe55@website.org or phone (458) 247-1926.
68,John Jones,john.jones24@domain.com,(984) 829-7969,503-65-2500,4646-9831-6036-2266,2023-12-23,Customer contact via email john.jones24@domain.com or phone (984) 829-7969.
98,Fiona Miller,fiona.miller97@techcorp.io,(536) 866-7389,130-11-4601,4026-8647-9376-3407,2023-07-26,Customer contact via email fiona.miller97@techcorp.io or phone (536) 866-7389.
437,Hannah Smith,hannah.smith31@website.org,(732) 559-6105,299-15-5100,4361-5768-4636-5732,2020-05-02,Customer contact via email hannah.smith31@website.org or phone (732) 559-6105.
624,Alice Miller,alice.miller42@domain.com,(411) 436-9766,101-82-3328,4243-7399-7743-8697,2022-09-09,Customer contact via email alice.miller42@domain.com or phone (411) 436-9766.
274,Hannah Wilson,hannah.wilson88@mail.net,(746) 355-8218,680-98-2246,4018-6697-4139-2379,2026-11-08,Customer contact via email hannah.wilson88@mail.net or phone (746) 355-8218.
407,Emma Smith,emma.smith42@domain.com,(469) 383-6962,996-63-8739,4176-6503-5637-5191,2020-04-19,Customer contact via email emma.smith42@domain.com or phone (469) 383-6962.
373,John Jones,john.jones73@domain.com,(502) 351-7400,183-74-2413,4256-2451-9530-2525,2021-12-16,Customer contact via email john.jones73@domain.com or phone (502) 351-7400.
531,Jane Smith,jane.smith96@company.org,(602) 717-3495,561-77-8052,4352-3489-6384-3680,2025-08-13,Customer contact via email jane.smith96@company.org or phone (602) 717-3495.
38,Alice Davis,alice.davis66@company.org,(588) 274-8545,450-19-9760,4228-8995-8454-1210,2022-04-10,Customer contact via email alice.davis66@company.org or phone (588) 274-8545.
165,Hannah Jones,hannah.jones24@domain.com,(888) 834-6252,313-19-4847,4917-3038-9479-8953,2025-02-21,Customer contact via email hannah.jones24@domain.com or phone (888) 834-6252.
962,Alice Taylor,alice.taylor5@example.com,(337) 461-2070,706-72-4269,4271-7099-4404-6133,2024-10-23,Customer contact via email alice.taylor5@example.com or phone (337) 461-2070.
179,John Davis,john.davis71@example.com,(906) 495-9687,947-10-4167,4027-2175-5820-8678,2022-03-16,Customer contact via email john.davis71@example.com or phone (906) 495-9687.
304,Hannah Johnson,hannah.johnson7@example.com,(968) 850-9819,638-64-4155,4885-2241-1466-2887,2024-11-13,Customer contact via email hannah.johnson7@example.com or phone (968) 850-9819.
368,Jane Johnson,jane.johnson31@techcorp.io,(635) 313-2235,446-20-3775,4854-1744-2583-7172,2020-03-14,Customer contact via email jane.johnson31@techcorp.io or phone (635) 313-2235.
551,George Jones,george.jones79@example.com,(236) 719-5339,670-60-2237,4065-6933-7898-5643,2021-07-09,Customer contact via email george.jones79@example.com or phone (236) 719-5339.
824,Emma Johnson,emma.johnson48@website.org,(927) 918-9907,704-13-9605,4527-2025-8949-1419,2021-07-22,Customer contact via email emma.johnson48@website.org or phone (927) 918-9907.
928,Fiona Jones,fiona.jones88@domain.com,(697) 915-4943,290-61-7011,4324-6479-4362-1441,2023-04-20,Customer contact via email fiona.jones88@domain.com or phone (697) 915-4943.
460,John Wilson,john.wilson60@mail.net,(578) 245-2685,908-14-4731,4730-5594-6473-9670,2020-02-17,Customer contact via email john.wilson60@mail.net or phone (578) 245-2685.
473,Charlie Davis,charlie.davis62@company.org,(352) 919-3300,680-18-6427,4675-4365-1899-1741,2021-08-10,Customer contact via email charlie.davis62@company.org or phone (352) 919-3300.
541,Alice Brown,alice.brown39@website.org,(880) 685-3155,143-97-4252,4527-2203-9892-1373,2024-11-28,Customer contact via email alice.brown39@website.org or phone (880) 685-3155.
345,Fiona Brown,fiona.brown90@company.org,(260) 968-3965,737-13-1557,4889-1776-4612-1292,2020-06-13,Customer contact via email fiona.brown90@company.org or phone (260) 968-3965.
209,Bob Brown,bob.brown77@domain.com,(948) 697-3173,347-39-8298,4771-2924-5612-5371,2021-07-18,Customer contact via email bob.brown77@domain.com or phone (948) 697-3173.
284,Alice Miller,alice.miller74@techcorp.io,(843) 678-1524,172-55-7895,4151-8473-7612-4583,2024-04-08,Customer contact via email alice.miller74@techcorp.io or phone (843) 678-1524.
839,Jane Doe,jane.doe18@techcorp.io,(292) 390-5055,513-69-6980,4515-4047-4282-3148,2020-05-13,Customer contact via email jane.doe18@techcorp.io or phone (292) 390-5055.
282,David Wilson,david.wilson95@domain.com,(207) 641-2455,680-13-8490,4204-5454-8215-5493,2025-07-20,Customer contact via email david.wilson95@domain.com or phone (207) 641-2455.
484,Hannah Williams,hannah.williams55@company.org,(705) 575-1835,971-80-7724,4873-7961-4138-8683,2021-11-28,Customer contact via email hannah.williams55@company.org or phone (705) 575-1835.
333,Alice Brown,alice.brown37@mail.net,(493) 306-6252,592-69-2274,4701-9081-8714-5380,2025-08-21,Customer contact via email alice.brown37@mail.net or phone (493) 306-6252.
931,Jane Jones,jane.jones17@example.com,(765) 853-3471,700-62-7353,4316-8032-8146-4859,2024-05-07,Customer contact via email jane.jones17@example.com or phone (765) 853-3471.
188,Alice Wilson,alice.wilson93@company.org,(819) 367-6542,688-19-6144,4458-7973-7193-5518,2025-09-01,Customer contact via email alice.wilson93@company.org or phone (819) 367-6542.
565,David Jones,david.jones23@website.org,(626) 435-8845,682-32-2428,4331-4068-8165-5918,2024-08-21,Customer contact via email david.jones23@website.org or phone (626) 435-8845.
106,Jane Taylor,jane.taylor28@example.com,(660) 462-1072,770-81-9493,4686-6900-7380-6631,2026-06-09,Customer contact via email jane.taylor28@example.com or phone (660) 462-1072.
233,Hannah Johnson,hannah.johnson20@example.com,(981) 427-9321,475-54-5622,4639-4876-6224-4124,2025-04-20,Customer contact via email hannah.johnson20@example.com or phone (981) 427-9321.
503,Jane Johnson,jane.johnson48@example.com,(414) 992-3764,152-10-6071,4667-4017-5860-7889,2022-10-17,Customer contact via email jane.johnson48@example.com or phone (414) 992-3764.
579,Emma Davis,emma.davis80@mail.net,(593) 951-7340,569-38-8691,4460-4886-1516-6695,2020-07-16,Customer contact via email emma.davis80@mail.net or phone (593) 951-7340.
226,Charlie Wilson,charlie.wilson94@mail.net,(661) 526-1563,466-83-6819,4441-2162-1855-3977,2020-08-13,Customer contact via email charlie.wilson94@mail.net or phone (661) 526-1563.
555,Bob Taylor,bob.taylor7@website.org,(822) 829-2132,971-83-6726,4657-4467-9390-8466,2026-06-09,Customer contact via email bob.taylor7@website.org or phone (822) 829-2132.
383,David Miller,david.miller50@mail.net,(592) 639-5160,118-59-9182,4327-4817-8277-9829,2021-08-05,Customer contact via email david.miller50@mail.net or phone (592) 639-5160.
828,David Taylor,david.taylor69@domain.com,(895) 878-6810,407-53-1976,4605-8902-5020-2175,2023-07-25,Customer contact via email david.taylor69@domain.com or phone (895) 878-6810.
259,David Wilson,david.wilson81@mail.net,(224) 420-5205,588-10-8802,4744-1722-1480-1224,2020-05-28,Customer contact via email david.wilson81@mail.net or phone (224) 420-5205.
511,John Smith,john.smith96@example.com,(849) 726-7654,209-79-3512,4065-5858-4743-2401,2024-01-17,Customer contact via email john.smith96@example.com or phone (849) 726-7654.
264,Alice Miller,alice.miller23@techcorp.io,(803) 649-2176,930-25-2771,4646-5184-2462-3152,2025-08-23,Customer contact via email alice.miller23@techcorp.io or phone (803) 649-2176.
771,David Jones,david.jones83@company.org,(999) 492-7678,567-51-5648,4520-9193-6520-8645,2026-02-09,Customer contact via email david.jones83@company.org or phone (999) 492-7678.
958,Emma Wilson,emma.wilson44@techcorp.io,(705) 922-4779,154-62-9938,4774-1387-7856-7697,2024-09-28,Customer contact via email emma.wilson44@techcorp.io or phone (705) 922-4779.
23,Fiona Jones,fiona.jones4@website.org,(724) 316-8372,391-97-1693,4440-8662-4769-3609,2025-09-26,Customer contact via email fiona.jones4@website.org or phone (724) 316-8372.
316,Bob Doe,bob.doe54@mail.net,(645) 849-6482,487-13-9117,4933-9896-2623-4913,2022-09-28,Customer contact via email bob.doe54@mail.net or phone (645) 849-6482.
818,John Davis,john.davis37@domain.com,(593) 826-6752,127-25-3936,4163-4405-9216-5225,2024-06-13,Customer contact via email john.davis37@domain.com or phone (593) 826-6752.
661,Hannah Brown,hannah.brown54@website.org,(405) 449-2492,230-75-8269,4829-3118-4399-6734,2021-04-05,Customer contact via email hannah.brown54@website.org or phone (405) 449-2492.
196,Alice Miller,alice.miller15@example.com,(278) 448-5129,473-10-9896,4995-1077-3641-8777,2020-04-28,Customer contact via email alice.miller15@example.com or phone (278) 448-5129.
3,Alice Miller,alice.miller83@techcorp.io,(716) 506-8566,879-10-6844,4499-2341-2487-5177,2020-07-19,Customer contact via email alice.miller83@techcorp.io or phone (716) 506-8566.
260,John Taylor,john.taylor72@domain.com,(401) 993-3425,773-72-2665,4782-4328-9376-5851,2024-12-13,Customer contact via email john.taylor72@domain.com or phone (401) 993-3425.
583,Alice Jones,alice.jones84@techcorp.io,(673) 364-9412,963-84-2792,4743-6572-1367-8063,2025-10-06,Customer contact via email alice.jones84@techcorp.io or phone (673) 364-9412.
470,Hannah Johnson,hannah.johnson13@mail.net,(603) 784-8371,814-67-4603,4958-2263-5156-6647,2021-07-16,Customer contact via email hannah.johnson13@mail.net or phone (603) 784-8371.
390,Charlie Miller,charlie.miller53@website.org,(503) 767-7282,184-24-9979,4354-7870-3463-6305,2021-03-08,Customer contact via email charlie.miller53@website.org or phone (503) 767-7282.
920,Charlie Taylor,charlie.taylor22@example.com,(237) 301-6662,289-24-3573,4475-1990-7457-9349,2025-04-08,Customer contact via email charlie.taylor22@example.com or phone (237) 301-6662.
881,David Taylor,david.taylor90@website.org,(315) 423-9069,357-84-1471,4795-8511-3216-5250,2026-01-12,Customer contact via email david.taylor90@website.org or phone (315) 423-9069.
896,Jane Davis,jane.davis86@example.com,(350) 401-2753,105-47-4710,4910-8587-8209-1529,2024-03-03,Customer contact via email jane.davis86@example.com or phone (350) 401-2753.
997,Hannah Johnson,hannah.johnson22@example.com,(296) 225-1062,545-26-8738,4456-1870-7997-5527,2022-11-17,Customer contact via email hannah.johnson22@example.com or phone (296) 225-1062.
522,Charlie Smith,charlie.smith85@website.org,(590) 929-6260,662-72-1650,4675-2651-9578-6346,2022-05-13,Customer contact via email charlie.smith85@website.org or phone (590) 929-6260.
224,Jane Wilson,jane.wilson19@mail.net,(273) 929-2057,426-61-7594,4809-1085-1127-2249,2022-10-27,Customer contact via email jane.wilson19@mail.net or phone (273) 929-2057.
592,Alice Davis,alice.davis36@domain.com,(326) 771-6841,121-23-3020,4359-9765-3362-9299,2024-12-05,Customer contact via email alice.davis36@domain.com or phone (326) 771-6841.
8,Hannah Johnson,hannah.johnson47@domain.com,(857) 316-9912,614-60-5849,4508-1282-8367-3453,2023-08-17,Customer contact via email hannah.johnson47@domain.com or phone (857) 316-9912.
853,Hannah Johnson,hannah.johnson61@techcorp.io,(344) 367-7282,760-61-4402,4401-7772-1189-2162,2026-10-12,Customer contact via email hannah.johnson61@techcorp.io or phone (344) 367-7282.
883,David Wilson,david.wilson68@domain.com,(397) 845-7012,195-24-5951,4913-7690-2236-9507,2023-01-20,Customer contact via email david.wilson68@domain.com or phone (397) 845-7012.
9,Fiona Brown,fiona.brown18@website.org,(909) 375-9625,671-78-9463,4730-5981-9314-8162,2026-12-05,Customer contact via email fiona.brown18@website.org or phone (909) 375-9625.
178,Jane Jones,jane.jones82@website.org,(765) 209-2124,603-41-4797,4924-2226-7239-2598,2026-09-09,Customer contact via email jane.jones82@website.org or phone (765) 209-2124.
663,Hannah Miller,hannah.miller30@techcorp.io,(500) 604-7457,708-98-8598,4112-1844-6588-5304,2024-05-20,Customer contact via email hannah.miller30@techcorp.io or phone (500) 604-7457.
733,David Jones,david.jones1@domain.com,(631) 432-4252,218-90-3692,4093-1697-1572-3414,2025-11-23,Customer contact via email david.jones1@domain.com or phone (631) 432-4252.
424,David Miller,david.miller20@company.org,(520) 880-8137,542-37-3143,4457-1364-3672-7055,2026-04-06,Customer contact via email david.miller20@company.org or phone (520) 880-8137.
677,Alice Doe,alice.doe5@website.org,(865) 333-1280,300-31-2213,4476-6598-3999-5061,2020-09-14,Customer contact via email alice.doe5@website.org or phone (865) 333-1280.
568,Bob Smith,bob.smith82@website.org,(528) 291-6511,960-30-4244,4208-5790-7408-9341,2026-02-17,Customer contact via email bob.smith82@website.org or phone (528) 291-6511.
265,Alice Taylor,alice.taylor59@website.org,(843) 464-4723,269-81-9064,4873-4305-2895-4651,2026-02-15,Customer contact via email alice.taylor59@website.org or phone (843) 464-4723.
369,George Brown,george.brown8@techcorp.io,(462) 520-3064,106-69-6143,4388-1685-2142-4187,2021-09-04,Customer contact via email george.brown8@techcorp.io or phone (462) 520-3064.
251,Emma Smith,emma.smith85@example.com,(394) 766-7839,671-96-3974,4675-8596-4330-7837,2020-01-18,Customer contact via email emma.smith85@example.com or phone (394) 766-7839.
718,John Jones,john.jones27@company.org,(997) 301-3862,756-18-4446,4463-8621-3579-3616,2021-06-25,Customer contact via email john.jones27@company.org or phone (997) 301-3862.
605,John Johnson,john.johnson74@website.org,(826) 940-4696,191-28-2068,4595-6218-3282-2062,2025-08-05,Customer contact via email john.johnson74@website.org or phone (826) 940-4696.
448,Emma Jones,emma.jones29@example.com,(493) 588-2235,209-39-5813,4901-4534-6629-9290,2020-08-05,Customer contact via email emma.jones29@example.com or phone (493) 588-2235.
607,David Doe,david.doe41@domain.com,(280) 415-1901,746-18-8454,4473-7197-8292-1904,2025-10-19,Customer contact via email david.doe41@domain.com or phone (280) 415-1901.
361,George Brown,george.brown78@example.com,(807) 269-3142,362-65-3520,4200-2267-3651-1565,2026-12-24,Customer contact via email george.brown78@example.com or phone (807) 269-3142.
455,John Williams,john.williams67@website.org,(981) 771-3974,100-48-5178,4060-3728-5525-1712,2023-04-17,Customer contact via email john.williams67@website.org or phone (981) 771-3974.
339,Emma Miller,emma.miller23@techcorp.io,(766) 245-7009,614-56-5538,4685-1560-3218-8532,2023-11-12,Customer contact via email emma.miller23@techcorp.io or phone (766) 245-7009.
704,George Jones,george.jones7@company.org,(941) 885-8511,493-92-5901,4769-9914-7732-5969,2020-12-08,Customer contact via email george.jones7@company.org or phone (941) 885-8511.
835,David Taylor,david.taylor25@website.org,(770) 504-6278,200-93-8033,4546-6627-9278-4930,2025-12-06,Customer contact via email david.taylor25@website.org or phone (770) 504-6278.
256,Emma Jones,emma.jones30@example.com,(711) 508-8495,792-23-2329,4986-4730-2207-9074,2024-06-01,Customer contact via email emma.jones30@example.com or phone (711) 508-8495.
385,Alice Doe,alice.doe16@techcorp.io,(583) 659-1771,838-11-7276,4439-9354-1472-9761,2026-09-20,Customer contact via email alice.doe16@techcorp.io or phone (583) 659-1771.
630,John Miller,john.miller65@domain.com,(599) 914-1620,655-27-5654,4312-5337-9884-1092,2026-10-25,Customer contact via email john.miller65@domain.com or phone (599) 914-1620.
134,Emma Johnson,emma.johnson38@domain.com,(243) 884-5397,764-88-1617,4369-3536-5866-4145,2024-04-22,Customer contact via email emma.johnson38@domain.com or phone (243) 884-5397.
317,Alice Jones,alice.jones2@website.org,(829) 391-9853,364-56-8687,4344-3287-4511-3328,2024-05-13,Customer contact via email alice.jones2@website.org or phone (829) 391-9853.
480,George Jones,george.jones43@domain.com,(232) 865-2892,298-30-9399,4122-8997-6702-3264,2024-09-23,Customer contact via email george.jones43@domain.com or phone (232) 865-2892.
269,John Miller,john.miller82@company.org,(972) 220-1944,620-76-3908,4477-3243-6430-7649,2024-09-06,Customer contact via email john.miller82@company.org or phone (972) 220-1944.
117,Jane Taylor,jane.taylor15@website.org,(729) 264-6503,786-80-6541,4920-9776-1382-7205,2025-05-23,Customer contact via email jane.taylor15@website.org or phone (729) 264-6503.
164,Bob Williams,bob.williams12@mail.net,(689) 225-1176,853-12-3048,4678-3449-6933-8633,2023-09-10,Customer contact via email bob.williams12@mail.net or phone (689) 225-1176.
173,Charlie Doe,charlie.doe32@mail.net,(838) 823-3230,659-12-5116,4426-1657-5578-2553,2023-02-01,Customer contact via email charlie.doe32@mail.net or phone (838) 823-3230.
781,Charlie Brown,charlie.brown27@techcorp.io,(950) 400-2131,438-20-9617,4756-9744-9439-4691,2022-12-07,Customer contact via email charlie.brown27@techcorp.io or phone (950) 400-2131.
305,Fiona Davis,fiona.davis87@techcorp.io,(327) 470-2636,878-50-4841,4655-1508-6946-1181,2026-03-13,Customer contact via email fiona.davis87@techcorp.io or phone (327) 470-2636.
535,George Johnson,george.johnson26@techcorp.io,(560) 233-1166,255-72-5705,4763-5475-4818-7598,2026-06-08,Customer contact via email george.johnson26@techcorp.io or phone (560) 233-1166.
684,Hannah Brown,hannah.brown41@techcorp.io,(756) 335-7157,291-98-5746,4556-6884-5044-3804,2023-01-17,Customer contact via email hannah.brown41@techcorp.io or phone (756) 335-7157.
191,Charlie Brown,charlie.brown5@mail.net,(713) 905-3743,564-78-1253,4481-5941-2198-9455,2023-06-15,Customer contact via email charlie.brown5@mail.net or phone (713) 905-3743.
502,Fiona Johnson,fiona.johnson69@domain.com,(630) 312-4959,130-66-1558,4897-7006-2874-9837,2022-10-05,Customer contact via email fiona.johnson69@domain.com or phone (630) 312-4959.
315,David Jones,david.jones21@company.org,(280) 866-6244,851-41-4290,4780-2304-8788-6628,2022-01-24,Customer contact via email david.jones21@company.org or phone (280) 866-6244.
444,Fiona Davis,fiona.davis89@techcorp.io,(652) 210-1846,613-29-9578,4900-9330-1148-5130,2022-09-19,Customer contact via email fiona.davis89@techcorp.io or phone (652) 210-1846.
673,Charlie Taylor,charlie.taylor28@company.org,(550) 835-4044,203-80-7446,4319-4442-7494-5830,2024-07-15,Customer contact via email charlie.taylor28@company.org or phone (550) 835-4044.
446,Fiona Johnson,fiona.johnson64@domain.com,(391) 407-3276,128-72-3465,4719-2134-5135-6314,2021-12-07,Customer contact via email fiona.johnson64@domain.com or phone (391) 407-3276.
870,David Brown,david.brown51@domain.com,(208) 310-9536,752-52-7799,4500-6236-8791-4591,2022-11-27,Customer contact via email david.brown51@domain.com or phone (208) 310-9536.
189,Fiona Miller,fiona.miller58@website.org,(703) 868-9169,937-91-4872,4789-1349-9888-6715,2025-08-11,Customer contact via email fiona.miller58@website.org or phone (703) 868-9169.
262,George Wilson,george.wilson32@website.org,(230) 395-9648,916-56-1757,4777-7697-3927-5784,2022-05-23,Customer contact via email george.wilson32@website.org or phone (230) 395-9648.
926,Hannah Miller,hannah.miller3@mail.net,(285) 898-5385,683-60-3944,4375-6891-2161-7785,2021-04-08,Customer contact via email hannah.miller3@mail.net or phone (285) 898-5385.
321,Fiona Johnson,fiona.johnson31@domain.com,(368) 899-8709,931-89-4790,4864-5681-4183-6270,2025-05-03,Customer contact via email fiona.johnson31@domain.com or phone (368) 899-8709.
408,Emma Davis,emma.davis46@company.org,(921) 553-6187,832-64-2100,4232-3623-7876-2237,2022-05-27,Customer contact via email emma.davis46@company.org or phone (921) 553-6187.
867,Bob Brown,bob.brown32@techcorp.io,(844) 580-7679,710-18-2845,4608-5398-9815-7671,2022-01-17,Customer contact via email bob.brown32@techcorp.io or phone (844) 580-7679.
241,John Davis,john.davis13@domain.com,(253) 396-1202,674-83-8532,4441-7899-6667-4303,2020-02-18,Customer contact via email john.davis13@domain.com or phone (253) 396-1202.
937,John Miller,john.miller94@example.com,(351) 747-4753,823-37-6388,4077-2881-7648-5800,2022-06-18,Customer contact via email john.miller94@example.com or phone (351) 747-4753.
22,David Taylor,david.taylor92@mail.net,(831) 264-5166,612-87-2797,4936-9276-8619-9552,2026-08-19,Customer contact via email david.taylor92@mail.net or phone (831) 264-5166.
641,Fiona Jones,fiona.jones62@techcorp.io,(967) 243-5361,376-26-6517,4905-3911-4645-7354,2022-06-02,Customer contact via email fiona.jones62@techcorp.io or phone (967) 243-5361.
45,Hannah Wilson,hannah.wilson79@mail.net,(713) 808-6536,185-90-8343,4513-9970-2220-7746,2024-03-13,Customer contact via email hannah.wilson79@mail.net or phone (713) 808-6536.
131,Bob Brown,bob.brown71@mail.net,(423) 415-2478,293-10-5885,4085-1554-5727-3417,2021-02-26,Customer contact via email bob.brown71@mail.net or phone (423) 415-2478.
756,John Wilson,john.wilson65@techcorp.io,(722) 405-8720,759-93-4474,4752-9770-3287-9079,2023-05-06,Customer contact via email john.wilson65@techcorp.io or phone (722) 405-8720.
74,Bob Taylor,bob.taylor30@company.org,(559) 827-4489,501-47-3629,4559-9799-8743-9028,2020-06-26,Customer contact via email bob.taylor30@company.org or phone (559) 827-4489.
123,Jane Smith,jane.smith92@website.org,(701) 533-6120,210-19-4744,4548-2796-2385-5726,2026-05-17,Customer contact via email jane.smith92@website.org or phone (701) 533-6120.
459,Alice Davis,alice.davis46@example.com,(947) 394-8131,219-80-6091,4174-8236-2826-2333,2026-09-20,Customer contact via email alice.davis46@example.com or phone (947) 394-8131.
229,Charlie Smith,charlie.smith74@mail.net,(519) 210-7401,564-57-7449,4779-4587-5145-9264,2023-06-15,Customer contact via email charlie.smith74@mail.net or phone (519) 210-7401.
691,John Johnson,john.johnson92@website.org,(661) 595-9211,931-10-6511,4457-7536-7541-3571,2021-07-06,Customer contact via email john.johnson92@website.org or phone (661) 595-9211.
435,Emma Williams,emma.williams29@domain.com,(891) 485-7334,414-43-1213,4188-3149-1213-6803,2026-02-11,Customer contact via email emma.williams29@domain.com or phone (891) 485-7334.
711,Bob Miller,bob.miller36@example.com,(904) 272-9983,930-73-1444,4021-6894-7020-7749,2024-12-04,Customer contact via email bob.miller36@example.com or phone (904) 272-9983.
820,Bob Davis,bob.davis19@domain.com,(903) 788-4706,398-60-6988,4471-5219-3375-6715,2022-03-06,Customer contact via email bob.davis19@domain.com or phone (903) 788-4706.
585,Bob Davis,bob.davis54@website.org,(832) 866-2374,613-57-1247,4450-3249-6546-2897,2022-10-11,Customer contact via email bob.davis54@website.org or phone (832) 866-2374.
980,Fiona Smith,fiona.smith24@mail.net,(632) 894-9355,110-36-3141,4812-3390-8957-4361,2026-07-18,Customer contact via email fiona.smith24@mail.net or phone (632) 894-9355.
760,Emma Smith,emma.smith42@mail.net,(534) 452-2098,168-16-9149,4517-1832-2895-7977,2026-06-13,Customer contact via email emma.smith42@mail.net or phone (534) 452-2098.
363,Emma Brown,emma.brown38@website.org,(255) 652-9261,961-83-9118,4670-8878-4507-4761,2026-07-02,Customer contact via email emma.brown38@website.org or phone (255) 652-9261.
885,Emma Doe,emma.doe40@mail.net,(201) 292-3513,831-42-9446,4297-7706-5385-9673,2023-12-05,Customer contact via email emma.doe40@mail.net or phone (201) 292-3513.
690,Hannah Taylor,hannah.taylor18@techcorp.io,(770) 224-6427,690-82-6905,4374-2995-5606-7908,2020-06-03,Customer contact via email hannah.taylor18@techcorp.io or phone (770) 224-6427.
410,Fiona Jones,fiona.jones19@example.com,(336) 765-1541,439-87-9390,4713-9256-1771-7142,2024-07-11,Customer contact via email fiona.jones19@example.com or phone (336) 765-1541.
923,Alice Miller,alice.miller18@company.org,(298) 255-7890,952-66-7930,4324-2286-1501-5620,2023-10-10,Customer contact via email alice.miller18@company.org or phone (298) 255-7890.
859,David Smith,david.smith79@company.org,(558) 996-6887,273-60-9158,4441-5422-2328-5291,2025-08-03,Customer contact via email david.smith79@company.org or phone (558) 996-6887.
823,Bob Wilson,bob.wilson64@domain.com,(945) 561-7778,245-66-6710,4660-8636-8759-2725,2020-07-15,Customer contact via email bob.wilson64@domain.com or phone (945) 561-7778.
582,Fiona Doe,fiona.doe49@example.com,(479) 923-4830,434-25-4287,4502-2232-6371-5363,2020-10-28,Customer contact via email fiona.doe49@example.com or phone (479) 923-4830.
602,Alice Johnson,alice.johnson56@example.com,(705) 808-8461,525-53-5060,4976-5689-9457-3883,2025-04-03,Customer contact via email alice.johnson56@example.com or phone (705) 808-8461.
757,George Davis,george.davis24@mail.net,(567) 502-5654,616-36-8292,4227-2296-7096-6561,2024-07-20,Customer contact via email george.davis24@mail.net or phone (567) 502-5654.
171,Jane Brown,jane.brown90@mail.net,(617) 223-8956,637-41-8111,4832-2686-7388-8272,2024-02-19,Customer contact via email jane.brown90@mail.net or phone (617) 223-8956.
686,Alice Taylor,alice.taylor79@techcorp.io,(478) 724-1695,704-31-9124,4439-3479-2731-9101,2020-11-03,Customer contact via email alice.taylor79@techcorp.io or phone (478) 724-1695.
320,Fiona Williams,fiona.williams21@website.org,(244) 822-2283,588-79-2784,4708-2300-7122-2008,2020-07-13,Customer contact via email fiona.williams21@website.org or phone (244) 822-2283.
950,Emma Miller,emma.miller47@website.org,(589) 268-4943,315-88-5255,4120-1212-9828-1013,2023-10-16,Customer contact via email emma.miller47@website.org or phone (589) 268-4943.
620,Jane Williams,jane.williams40@mail.net,(769) 269-8601,554-68-4847,4935-3538-1254-2515,2026-12-15,Customer contact via email jane.williams40@mail.net or phone (769) 269-8601.
366,Jane Wilson,jane.wilson40@domain.com,(538) 786-2624,821-71-2664,4614-1756-1182-1100,2026-06-22,Customer contact via email jane.wilson40@domain.com or phone (538) 786-2624.
706,Fiona Smith,fiona.smith51@example.com,(569) 519-7695,287-47-1322,4092-7781-5398-4611,2020-05-24,Customer contact via email fiona.smith51@example.com or phone (569) 519-7695.
138,George Doe,george.doe99@website.org,(349) 681-6853,715-40-8939,4232-4707-3842-1399,2024-04-16,Customer contact via email george.doe99@website.org or phone (349) 681-6853.
292,Bob Doe,bob.doe73@website.org,(235) 701-6090,121-67-4556,4087-3969-1257-8958,2026-08-14,Customer contact via email bob.doe73@website.org or phone (235) 701-6090.
750,Jane Brown,jane.brown32@company.org,(523) 507-9703,171-68-8454,4993-7940-1661-3384,2022-10-15,Customer contact via email jane.brown32@company.org or phone (523) 507-9703.
627,Jane Miller,jane.miller11@website.org,(255) 893-6115,975-44-7426,4004-1574-4637-3127,2020-05-23,Customer contact via email jane.miller11@website.org or phone (255) 893-6115.
975,Charlie Doe,charlie.doe16@techcorp.io,(401) 422-7498,986-15-1020,4732-3799-1528-9153,2026-07-25,Customer contact via email charlie.doe16@techcorp.io or phone (401) 422-7498.
911,Charlie Jones,charlie.jones31@techcorp.io,(573) 325-8483,745-85-2986,4882-6623-9530-3807,2026-11-17,Customer contact via email charlie.jones31@techcorp.io or phone (573) 325-8483.
631,Fiona Wilson,fiona.wilson13@website.org,(611) 773-9480,881-94-8204,4118-2880-5356-1540,2021-04-12,Customer contact via email fiona.wilson13@website.org or phone (611) 773-9480.
232,Emma Brown,emma.brown39@example.com,(402) 239-2327,351-58-2582,4474-6447-7714-7491,2020-03-23,Customer contact via email emma.brown39@example.com or phone (402) 239-2327.
556,John Brown,john.brown87@domain.com,(810) 458-4594,727-60-9750,4873-1157-1135-5377,2025-06-25,Customer contact via email john.brown87@domain.com or phone (810) 458-4594.
942,John Taylor,john.taylor34@domain.com,(798) 565-8865,141-33-8823,4175-6184-2376-7945,2024-09-09,Customer contact via email john.taylor34@domain.com or phone (798) 565-8865.
976,Emma Brown,emma.brown7@techcorp.io,(415) 606-9908,842-52-6647,4545-1247-4289-9289,2020-10-19,Customer contact via email emma.brown7@techcorp.io or phone (415) 606-9908.
731,Emma Williams,emma.williams8@website.org,(546) 491-5346,876-33-8879,4039-6390-6837-6070,2026-03-26,Customer contact via email emma.williams8@website.org or phone (546) 491-5346.
992,Fiona Johnson,fiona.johnson28@mail.net,(277) 324-9078,181-97-2536,4550-5164-4482-3816,2022-07-24,Customer contact via email fiona.johnson28@mail.net or phone (277) 324-9078.
727,John Johnson,john.johnson96@company.org,(405) 708-8686,314-98-1416,4655-1594-8471-8308,2023-11-21,Customer contact via email john.johnson96@company.org or phone (405) 708-8686.
451,John Smith,john.smith89@company.org,(230) 541-8993,610-84-4674,4509-5525-2645-1180,2020-04-19,Customer contact via email john.smith89@company.org or phone (230) 541-8993.
892,George Taylor,george.taylor55@mail.net,(430) 425-3403,315-75-5845,4912-3063-4533-2834,2020-03-07,Customer contact via email george.taylor55@mail.net or phone (430) 425-3403.
85,Alice Taylor,alice.taylor99@techcorp.io,(813) 418-6238,940-33-1382,4691-4471-8661-2951,2025-04-03,Customer contact via email alice.taylor99@techcorp.io or phone (813) 418-6238.
650,Hannah Johnson,hannah.johnson72@mail.net,(249) 699-9227,582-82-4171,4215-2228-4809-9934,2023-09-15,Customer contact via email hannah.johnson72@mail.net or phone (249) 699-9227.
822,Charlie Doe,charlie.doe50@company.org,(607) 604-7757,657-82-2504,4888-2950-2557-6037,2025-07-18,Customer contact via email charlie.doe50@company.org or phone (607) 604-7757.
560,John Wilson,john.wilson19@company.org,(448) 223-1835,577-14-6330,4197-6362-5770-5553,2020-02-18,Customer contact via email john.wilson19@company.org or phone (448) 223-1835.
440,Charlie Smith,charlie.smith85@website.org,(970) 867-2533,397-83-3172,4246-8738-6441-9706,2025-07-06,Customer contact via email charlie.smith85@website.org or phone (970) 867-2533.
351,Emma Davis,emma.davis75@techcorp.io,(649) 314-6690,166-36-5809,4848-1871-7310-9294,2022-08-04,Customer contact via email emma.davis75@techcorp.io or phone (649) 314-6690.
829,Hannah Miller,hannah.miller62@website.org,(327) 805-7211,805-94-7290,4772-3057-3368-4847,2025-05-23,Customer contact via email hannah.miller62@website.org or phone (327) 805-7211.
550,Charlie Johnson,charlie.johnson12@example.com,(812) 643-5783,325-23-5730,4612-8933-5965-8731,2020-03-25,Customer contact via email charlie.johnson12@example.com or phone (812) 643-5783.
665,George Johnson,george.johnson79@domain.com,(960) 203-3288,504-58-6331,4458-4495-2806-2274,2022-04-15,Customer contact via email george.johnson79@domain.com or phone (960) 203-3288.
397,Fiona Davis,fiona.davis45@domain.com,(810) 242-7869,229-80-6643,4507-2565-7881-1025,2026-05-27,Customer contact via email fiona.davis45@domain.com or phone (810) 242-7869.
335,Emma Miller,emma.miller50@domain.com,(899) 411-5845,426-42-6292,4905-5680-3875-7479,2025-02-13,Customer contact via email emma.miller50@domain.com or phone (899) 411-5845.
288,Fiona Smith,fiona.smith37@website.org,(670) 923-5336,900-94-4500,4738-2842-7076-3965,2021-02-14,Customer contact via email fiona.smith37@website.org or phone (670) 923-5336.
97,David Williams,david.williams80@mail.net,(874) 393-9262,117-56-8707,4123-6537-1099-4213,2025-10-10,Customer contact via email david.williams80@mail.net or phone (874) 393-9262.
228,Charlie Davis,charlie.davis48@company.org,(725) 699-9611,549-52-4257,4901-1181-1998-8027,2025-10-03,Customer contact via email charlie.davis48@company.org or phone (725) 699-9611.
352,Charlie Brown,charlie.brown34@domain.com,(873) 438-5529,606-15-8562,4468-8227-7629-8034,2022-02-18,Customer contact via email charlie.brown34@domain.com or phone (873) 438-5529.
956,John Brown,john.brown11@example.com,(913) 694-1970,718-25-6636,4598-1553-3634-7817,2025-02-13,Customer contact via email john.brown11@example.com or phone (913) 694-1970.
836,John Miller,john.miller69@example.com,(972) 506-9290,121-13-4552,4835-1973-4094-5463,2023-04-07,Customer contact via email john.miller69@example.com or phone (972) 506-9290.
850,Bob Brown,bob.brown48@mail.net,(313) 711-2141,673-75-8530,4490-7365-2268-6369,2022-04-17,Customer contact via email bob.brown48@mail.net or phone (313) 711-2141.
198,George Williams,george.williams28@website.org,(667) 919-9516,253-25-8886,4663-6025-2786-9484,2025-05-22,Customer contact via email george.williams28@website.org or phone (667) 919-9516.
953,George Doe,george.doe45@company.org,(301) 415-3483,795-85-5816,4289-7752-9848-7245,2020-10-26,Customer contact via email george.doe45@company.org or phone (301) 415-3483.
821,Jane Johnson,jane.johnson94@domain.com,(630) 457-3331,335-26-1957,4407-9346-4754-2659,2023-07-21,Customer contact via email jane.johnson94@domain.com or phone (630) 457-3331.
306,David Jones,david.jones2@example.com,(603) 276-6938,814-64-4126,4679-3889-7667-7828,2021-04-09,Customer contact via email david.jones2@example.com or phone (603) 276-6938.
498,Fiona Taylor,fiona.taylor29@company.org,(984) 994-7425,389-21-2213,4220-5003-2977-1237,2025-01-08,Customer contact via email fiona.taylor29@company.org or phone (984) 994-7425.
197,John Johnson,john.johnson97@domain.com,(852) 950-3394,752-46-3415,4718-4151-5240-8702,2026-03-24,Customer contact via email john.johnson97@domain.com or phone (852) 950-3394.
168,George Smith,george.smith79@techcorp.io,(257) 995-4690,946-64-4676,4741-3988-5210-2179,2023-05-14,Customer contact via email george.smith79@techcorp.io or phone (257) 995-4690.
773,Hannah Davis,hannah.davis3@example.com,(895) 548-6731,242-40-4297,4009-3545-2741-6234,2020-08-25,Customer contact via email hannah.davis3@example.com or phone (895) 548-6731.
206,Charlie Smith,charlie.smith87@company.org,(596) 204-7581,705-48-7052,4328-6525-8527-8638,2023-11-05,Customer contact via email charlie.smith87@company.org or phone (596) 204-7581.
445,George Doe,george.doe23@techcorp.io,(635) 280-3033,157-73-6132,4015-6093-9982-7842,2026-04-10,Customer contact via email george.doe23@techcorp.io or phone (635) 280-3033.
904,Fiona Taylor,fiona.taylor24@mail.net,(959) 717-2903,208-72-9640,4653-1245-9119-8765,2020-07-09,Customer contact via email fiona.taylor24@mail.net or phone (959) 717-2903.
150,Jane Doe,jane.doe13@techcorp.io,(778) 747-1072,536-39-2545,4731-5040-7409-1467,2025-11-14,Customer contact via email jane.doe13@techcorp.io or phone (778) 747-1072.
587,John Doe,john.doe55@company.org,(823) 437-4241,917-32-7907,4534-3518-3736-8292,2025-08-05,Customer contact via email john.doe55@company.org or phone (823) 437-4241.
696,Bob Taylor,bob.taylor36@company.org,(776) 809-9923,588-41-4697,4348-2526-2882-1921,2020-10-17,Customer contact via email bob.taylor36@company.org or phone (776) 809-9923.
12,Emma Davis,emma.davis91@techcorp.io,(853) 708-1161,315-79-3026,4457-6175-9018-3193,2020-08-03,Customer contact via email emma.davis91@techcorp.io or phone (853) 708-1161.
330,Hannah Smith,hannah.smith92@example.com,(202) 806-8173,348-38-5880,4812-2035-4845-5362,2022-01-08,Customer contact via email hannah.smith92@example.com or phone (202) 806-8173.
250,David Brown,david.brown64@company.org,(824) 972-4554,519-11-7748,4913-5052-5911-2092,2020-10-14,Customer contact via email david.brown64@company.org or phone (824) 972-4554.
614,Emma Taylor,emma.taylor52@mail.net,(499) 500-4393,447-63-5252,4992-2893-6659-6658,2020-10-05,Customer contact via email emma.taylor52@mail.net or phone (499) 500-4393.
914,Jane Wilson,jane.wilson30@example.com,(346) 863-5853,283-85-5040,4760-2422-2376-9250,2024-02-23,Customer contact via email jane.wilson30@example.com or phone (346) 863-5853.
943,George Smith,george.smith45@example.com,(271) 702-6556,977-99-2819,4060-3086-1467-8578,2025-05-28,Customer contact via email george.smith45@example.com or phone (271) 702-6556.
236,George Wilson,george.wilson52@mail.net,(476) 652-7112,851-19-2938,4063-5125-6074-6186,2026-11-10,Customer contact via email george.wilson52@mail.net or phone (476) 652-7112.
659,John Wilson,john.wilson52@domain.com,(920) 557-2464,652-22-8917,4752-5178-3466-5256,2022-08-18,Customer contact via email john.wilson52@domain.com or phone (920) 557-2464.
491,Charlie Smith,charlie.smith42@example.com,(339) 525-5721,546-95-2509,4421-4073-6169-9568,2021-09-28,Customer contact via email charlie.smith42@example.com or phone (339) 525-5721.
334,Hannah Miller,hannah.miller90@techcorp.io,(732) 962-1109,808-11-3312,4264-5497-7864-5519,2020-09-15,Customer contact via email hannah.miller90@techcorp.io or phone (732) 962-1109.
701,Charlie Davis,charlie.davis42@domain.com,(625) 235-9805,303-34-4995,4643-7541-5430-3924,2020-11-28,Customer contact via email charlie.davis42@domain.com or phone (625) 235-9805.
662,Charlie Brown,charlie.brown52@example.com,(295) 766-5358,800-67-4210,4365-3551-1473-6324,2022-08-18,Customer contact via email charlie.brown52@example.com or phone (295) 766-5358.
468,Alice Jones,alice.jones8@domain.com,(764) 578-3619,696-76-8189,4563-8785-9505-4378,2023-02-23,Customer contact via email alice.jones8@domain.com or phone (764) 578-3619.
474,John Taylor,john.taylor30@website.org,(277) 873-1045,268-62-5718,4910-7514-3307-3026,2021-01-04,Customer contact via email john.taylor30@website.org or phone (277) 873-1045.
825,Alice Smith,alice.smith3@example.com,(522) 722-1738,368-59-4142,4965-4862-3758-8649,2026-04-01,Customer contact via email alice.smith3@example.com or phone (522) 722-1738.
26,Charlie Smith,charlie.smith31@techcorp.io,(642) 804-6863,227-56-4807,4264-5679-8629-4944,2020-02-24,Customer contact via email charlie.smith31@techcorp.io or phone (642) 804-6863.
244,Emma Taylor,emma.taylor36@domain.com,(350) 421-5616,282-67-2674,4394-3623-1542-1729,2026-10-09,Customer contact via email emma.taylor36@domain.com or phone (350) 421-5616.
34,David Davis,david.davis55@website.org,(927) 753-2393,613-46-2929,4342-6371-9558-1748,2023-12-27,Customer contact via email david.davis55@website.org or phone (927) 753-2393.
954,John Williams,john.williams62@website.org,(256) 327-4027,565-74-3530,4620-2611-1916-2757,2022-03-08,Customer contact via email john.williams62@website.org or phone (256) 327-4027.
497,Jane Brown,jane.brown73@company.org,(559) 290-6182,389-68-5296,4923-3979-5846-6806,2026-06-24,Customer contact via email jane.brown73@company.org or phone (559) 290-6182.
805,Emma Wilson,emma.wilson82@example.com,(721) 625-3254,119-27-9307,4219-8990-8634-8703,2025-01-23,Customer contact via email emma.wilson82@example.com or phone (721) 625-3254.
967,Jane Davis,jane.davis86@example.com,(335) 968-1311,768-27-1428,4033-3843-6939-5865,2025-07-20,Customer contact via email jane.davis86@example.com or phone (335) 968-1311.
30,Jane Brown,jane.brown58@domain.com,(971) 404-6385,970-16-6786,4838-1384-7136-2920,2022-11-12,Customer contact via email jane.brown58@domain.com or phone (971) 404-6385.
149,Hannah Miller,hannah.miller82@company.org,(573) 931-5457,351-55-8670,4517-3909-7880-9773,2023-08-26,Customer contact via email hannah.miller82@company.org or phone (573) 931-5457.
452,Hannah Davis,hannah.davis32@domain.com,(209) 798-7079,805-11-7014,4607-3861-1827-4545,2026-12-23,Customer contact via email hannah.davis32@domain.com or phone (209) 798-7079.
949,Fiona Taylor,fiona.taylor69@mail.net,(478) 295-6798,362-30-9388,4157-8936-8056-4539,2023-01-11,Customer contact via email fiona.taylor69@mail.net or phone (478) 295-6798.
728,Fiona Davis,fiona.davis53@techcorp.io,(619) 930-7420,156-45-3349,4405-1455-1246-9150,2022-07-07,Customer contact via email fiona.davis53@techcorp.io or phone (619) 930-7420.
380,Emma Doe,emma.doe73@company.org,(842) 733-2862,750-97-9795,4871-2703-5096-1296,2023-02-22,Customer contact via email emma.doe73@company.org or phone (842) 733-2862.
271,Bob Brown,bob.brown28@techcorp.io,(632) 993-3465,898-64-8710,4678-6994-3775-8564,2026-11-25,Customer contact via email bob.brown28@techcorp.io or phone (632) 993-3465.
700,Charlie Doe,charlie.doe27@example.com,(650) 347-9223,346-65-5756,4604-2630-1820-1984,2021-12-01,Customer contact via email charlie.doe27@example.com or phone (650) 347-9223.
64,David Williams,david.williams47@company.org,(214) 747-5924,825-19-3339,4019-1290-5672-3959,2022-10-01,Customer contact via email david.williams47@company.org or phone (214) 747-5924.
952,George Williams,george.williams36@company.org,(518) 245-1164,559-71-6484,4713-3107-3835-1379,2024-08-26,Customer contact via email george.williams36@company.org or phone (518) 245-1164.
499,George Jones,george.jones61@company.org,(553) 285-9818,547-77-2518,4813-8097-2579-3291,2020-01-25,Customer contact via email george.jones61@company.org or phone (553) 285-9818.
726,John Smith,john.smith39@domain.com,(219) 773-7970,625-41-4557,4013-3273-7072-8093,2021-05-21,Customer contact via email john.smith39@domain.com or phone (219) 773-7970.
561,Charlie Davis,charlie.davis51@domain.com,(227) 620-1061,155-70-6415,4273-2173-3651-9949,2022-01-05,Customer contact via email charlie.davis51@domain.com or phone (227) 620-1061.
100,Emma Johnson,emma.johnson22@techcorp.io,(678) 586-3972,977-87-4678,4439-7832-9899-8660,2026-02-03,Customer contact via email emma.johnson22@techcorp.io or phone (678) 586-3972.
36,Alice Brown,alice.brown18@website.org,(376) 716-6420,921-88-1909,4317-2096-6380-3523,2026-12-07,Customer contact via email alice.brown18@website.org or phone (376) 716-6420.
294,Fiona Jones,fiona.jones98@domain.com,(400) 807-3070,514-89-5245,4493-3517-4433-8989,2026-11-02,Customer contact via email fiona.jones98@domain.com or phone (400) 807-3070.
84,Alice Davis,alice.davis5@company.org,(277) 377-8621,930-33-3372,4893-9726-3197-7152,2022-11-05,Customer contact via email alice.davis5@company.org or phone (277) 377-8621.
41,Bob Smith,bob.smith86@mail.net,(850) 913-4777,852-72-7517,4732-6326-6401-5818,2020-01-01,Customer contact via email bob.smith86@mail.net or phone (850) 913-4777.
194,Fiona Wilson,fiona.wilson40@mail.net,(450) 242-2688,691-34-1131,4718-6878-3167-6152,2024-12-05,Customer contact via email fiona.wilson40@mail.net or phone (450) 242-2688.
868,Emma Brown,emma.brown37@domain.com,(417) 897-8699,816-63-7616,4091-3971-7337-6396,2023-01-19,Customer contact via email emma.brown37@domain.com or phone (417) 897-8699.
447,Bob Williams,bob.williams95@website.org,(777) 543-9268,436-40-4705,4281-9247-1181-2238,2022-10-05,Customer contact via email bob.williams95@website.org or phone (777) 543-9268.
441,Bob Miller,bob.miller61@mail.net,(296) 304-7446,494-21-7457,4623-2367-3752-8178,2025-09-06,Customer contact via email bob.miller61@mail.net or phone (296) 304-7446.
671,George Miller,george.miller66@domain.com,(938) 692-9070,390-58-4044,4945-8710-2023-3796,2020-12-04,Customer contact via email george.miller66@domain.com or phone (938) 692-9070.
742,Jane Smith,jane.smith85@techcorp.io,(771) 973-2385,383-18-4616,4190-5194-3910-7381,2025-10-24,Customer contact via email jane.smith85@techcorp.io or phone (771) 973-2385.
231,Bob Davis,bob.davis53@example.com,(939) 829-8918,223-38-7651,4484-4077-8496-2957,2026-08-02,Customer contact via email bob.davis53@example.com or phone (939) 829-8918.
861,Jane Jones,jane.jones93@domain.com,(478) 519-5637,425-87-8473,4542-5276-9929-8198,2020-10-16,Customer contact via email jane.jones93@domain.com or phone (478) 519-5637.
413,Bob Williams,bob.williams78@company.org,(737) 263-9615,167-44-7463,4395-3281-3690-2480,2025-11-09,Customer contact via email bob.williams78@company.org or phone (737) 263-9615.
201,Hannah Smith,hannah.smith79@company.org,(326) 424-8428,671-10-1890,4206-9915-3698-2246,2024-02-08,Customer contact via email hannah.smith79@company.org or phone (326) 424-8428.
611,Fiona Wilson,fiona.wilson59@example.com,(846) 336-4562,464-92-1813,4985-2722-8433-3030,2020-07-21,Customer contact via email fiona.wilson59@example.com or phone (846) 336-4562.
187,Charlie Jones,charlie.jones16@website.org,(450) 233-3507,237-13-5407,4716-9771-9626-3807,2020-07-27,Customer contact via email charlie.jones16@website.org or phone (450) 233-3507.
119,George Jones,george.jones62@website.org,(359) 991-6089,400-66-1934,4484-3292-9360-8775,2026-11-11,Customer contact via email george.jones62@website.org or phone (359) 991-6089.
358,Emma Jones,emma.jones80@mail.net,(711) 564-4374,849-29-9159,4939-1305-6768-3783,2023-11-05,Customer contact via email emma.jones80@mail.net or phone (711) 564-4374.
695,Jane Jones,jane.jones55@techcorp.io,(283) 643-8820,877-96-8179,4548-6336-5138-5653,2024-09-28,Customer contact via email jane.jones55@techcorp.io or phone (283) 643-8820.
533,John Brown,john.brown36@techcorp.io,(628) 943-1367,283-90-3761,4677-1591-1518-2991,2023-01-19,Customer contact via email john.brown36@techcorp.io or phone (628) 943-1367.
744,Jane Smith,jane.smith20@techcorp.io,(533) 463-3925,544-64-1214,4728-7531-7292-4568,2024-09-13,Customer contact via email jane.smith20@techcorp.io or phone (533) 463-3925.
289,Charlie Brown,charlie.brown82@example.com,(632) 614-9105,946-16-3785,4654-4324-6091-3558,2024-10-19,Customer contact via email charlie.brown82@example.com or phone (632) 614-9105.
676,Bob Doe,bob.doe64@domain.com,(339) 742-5864,260-54-7184,4324-6933-1381-7868,2022-02-14,Customer contact via email bob.doe64@domain.com or phone (339) 742-5864.
155,John Smith,john.smith73@website.org,(464) 731-1467,419-95-6852,4662-6914-3386-9327,2025-06-01,Customer contact via email john.smith73@website.org or phone (464) 731-1467.
4,Fiona Jones,fiona.jones57@example.com,(851) 415-4700,404-94-8726,4827-2371-5456-3483,2020-05-11,Customer contact via email fiona.jones57@example.com or phone (851) 415-4700.
736,Alice Brown,alice.brown35@website.org,(508) 980-1125,927-68-3957,4742-1744-3225-3787,2025-10-22,Customer contact via email alice.brown35@website.org or phone (508) 980-1125.
577,Emma Smith,emma.smith46@domain.com,(565) 981-7888,587-65-4199,4250-7960-5880-1822,2022-06-15,Customer contact via email emma.smith46@domain.com or phone (565) 981-7888.
749,David Wilson,david.wilson97@techcorp.io,(292) 787-4805,316-90-5626,4075-7370-5328-4168,2025-03-23,Customer contact via email david.wilson97@techcorp.io or phone (292) 787-4805.
415,Jane Brown,jane.brown19@company.org,(463) 989-2708,742-41-5995,4530-8146-4057-3066,2025-05-10,Customer contact via email jane.brown19@company.org or phone (463) 989-2708.
597,David Jones,david.jones41@example.com,(734) 992-8195,647-99-4780,4184-6575-2661-2788,2025-12-03,Customer contact via email david.jones41@example.com or phone (734) 992-8195.
751,John Miller,john.miller22@mail.net,(886) 208-2439,365-80-7510,4320-1001-5896-2524,2025-01-09,Customer contact via email john.miller22@mail.net or phone (886) 208-2439.
724,George Smith,george.smith81@example.com,(295) 913-7877,548-65-9060,4298-7930-6305-4914,2026-01-27,Customer contact via email george.smith81@example.com or phone (295) 913-7877.
545,Charlie Davis,charlie.davis22@example.com,(450) 228-5381,319-85-5098,4235-7758-7693-2533,2024-12-03,Customer contact via email charlie.davis22@example.com or phone (450) 228-5381.
99,George Taylor,george.taylor2@techcorp.io,(380) 896-5339,328-59-6413,4014-1684-6923-8063,2020-06-14,Customer contact via email george.taylor2@techcorp.io or phone (380) 896-5339.
621,Jane Taylor,jane.taylor87@example.com,(726) 412-9644,576-55-1040,4439-3325-6159-8385,2020-09-13,Customer contact via email jane.taylor87@example.com or phone (726) 412-9644.
745,Charlie Brown,charlie.brown5@example.com,(252) 688-9207,659-80-6702,4671-5112-3472-5373,2026-02-11,Customer contact via email charlie.brown5@example.com or phone (252) 688-9207.
925,Charlie Taylor,charlie.taylor83@company.org,(463) 310-7988,815-46-6855,4954-7324-8655-6779,2024-04-27,Customer contact via email charlie.taylor83@company.org or phone (463) 310-7988.
89,Bob Johnson,bob.johnson10@techcorp.io,(346) 566-8635,455-52-1882,4212-4805-4928-2089,2023-08-26,Customer contact via email bob.johnson10@techcorp.io or phone (346) 566-8635.
591,Hannah Taylor,hannah.taylor99@techcorp.io,(487) 946-1454,337-83-4181,4732-7864-9433-2764,2020-02-08,Customer contact via email hannah.taylor99@techcorp.io or phone (487) 946-1454.
878,David Smith,david.smith20@domain.com,(727) 801-5676,568-72-4055,4479-3007-3764-5711,2023-02-28,Customer contact via email david.smith20@domain.com or phone (727) 801-5676.
421,Hannah Jones,hannah.jones64@domain.com,(526) 380-7828,547-74-8852,4886-5431-4551-1157,2025-05-11,Customer contact via email hannah.jones64@domain.com or phone (526) 380-7828.
175,Alice Wilson,alice.wilson37@website.org,(430) 880-2537,831-91-7593,4161-9960-1481-2665,2023-03-11,Customer contact via email alice.wilson37@website.org or phone (430) 880-2537.
115,Hannah Jones,hannah.jones49@company.org,(316) 750-9436,203-52-6026,4792-2984-1655-3761,2021-05-16,Customer contact via email hannah.jones49@company.org or phone (316) 750-9436.
13,Bob Doe,bob.doe13@website.org,(757) 552-8267,499-57-4761,4428-2954-5309-6614,2021-06-27,Customer contact via email bob.doe13@website.org or phone (757) 552-8267.
2,Charlie Williams,charlie.williams77@example.com,(716) 855-3189,235-12-5494,4588-2246-9141-9239,2025-09-07,Customer contact via email charlie.williams77@example.com or phone (716) 855-3189.
192,Hannah Wilson,hannah.wilson27@domain.com,(727) 965-6197,533-40-6129,4985-3062-3833-3180,2020-10-03,Customer contact via email hannah.wilson27@domain.com or phone (727) 965-6197.
200,John Smith,john.smith45@techcorp.io,(891) 241-6376,495-85-5242,4687-8360-8634-5758,2026-04-18,Customer contact via email john.smith45@techcorp.io or phone (891) 241-6376.
393,Bob Smith,bob.smith46@mail.net,(561) 840-2339,771-59-7220,4346-7294-5156-7732,2025-01-20,Customer contact via email bob.smith46@mail.net or phone (561) 840-2339.
755,Charlie Brown,charlie.brown51@techcorp.io,(802) 991-3934,965-93-6259,4333-1477-3280-1253,2021-09-05,Customer contact via email charlie.brown51@techcorp.io or phone (802) 991-3934.
888,Bob Davis,bob.davis69@domain.com,(917) 539-8892,773-27-8804,4328-6958-1688-2531,2024-08-16,Customer contact via email bob.davis69@domain.com or phone (917) 539-8892.
10,Fiona Davis,fiona.davis15@website.org,(624) 360-5751,334-26-2017,4233-6347-8620-7391,2021-03-16,Customer contact via email fiona.davis15@website.org or phone (624) 360-5751.
325,Bob Jones,bob.jones57@domain.com,(289) 591-6972,122-96-7480,4628-5004-9794-5947,2025-01-08,Customer contact via email bob.jones57@domain.com or phone (289) 591-6972.
110,George Wilson,george.wilson72@mail.net,(436) 781-3955,291-85-6683,4215-5752-6141-8635,2021-07-17,Customer contact via email george.wilson72@mail.net or phone (436) 781-3955.
364,Fiona Davis,fiona.davis37@mail.net,(789) 254-4197,874-47-8098,4167-2858-2753-3907,2026-01-24,Customer contact via email fiona.davis37@mail.net or phone (789) 254-4197.
143,Emma Doe,emma.doe55@example.com,(320) 530-5307,669-98-9715,4550-7447-6539-3077,2020-08-05,Customer contact via email emma.doe55@example.com or phone (320) 530-5307.
382,Bob Wilson,bob.wilson59@domain.com,(578) 230-7634,509-53-7467,4018-4162-2135-4836,2025-01-23,Customer contact via email bob.wilson59@domain.com or phone (578) 230-7634.
589,Alice Wilson,alice.wilson19@techcorp.io,(964) 740-1805,333-10-1054,4877-2531-3027-1479,2020-06-03,Customer contact via email alice.wilson19@techcorp.io or phone (964) 740-1805.
951,Jane Taylor,jane.taylor90@company.org,(268) 763-9152,537-75-9557,4473-1614-6096-5596,2026-11-26,Customer contact via email jane.taylor90@company.org or phone (268) 763-9152.
746,Fiona Smith,fiona.smith14@website.org,(732) 604-2159,378-98-1033,4717-7203-2444-6196,2020-07-07,Customer contact via email fiona.smith14@website.org or phone (732) 604-2159.
83,Emma Smith,emma.smith54@example.com,(415) 805-9842,578-16-6654,4246-2197-5755-5212,2026-08-15,Customer contact via email emma.smith54@example.com or phone (415) 805-9842.
476,David Davis,david.davis59@domain.com,(694) 710-8036,306-11-7305,4500-5485-9205-9703,2023-09-06,Customer contact via email david.davis59@domain.com or phone (694) 710-8036.
929,Bob Brown,bob.brown83@techcorp.io,(934) 594-1051,235-36-6310,4017-3554-7942-4528,2026-10-03,Customer contact via email bob.brown83@techcorp.io or phone (934) 594-1051.
643,Alice Smith,alice.smith46@techcorp.io,(583) 629-3721,952-91-1016,4795-2277-6224-9564,2023-11-12,Customer contact via email alice.smith46@techcorp.io or phone (583) 629-3721.
588,David Smith,david.smith45@company.org,(248) 555-3766,171-17-2538,4006-7638-5905-3139,2024-11-26,Customer contact via email david.smith45@company.org or phone (248) 555-3766.
796,Hannah Davis,hannah.davis44@mail.net,(230) 210-2389,687-75-2388,4051-3601-9243-2867,2022-02-28,Customer contact via email hannah.davis44@mail.net or phone (230) 210-2389.
400,Bob Wilson,bob.wilson53@mail.net,(307) 779-4695,162-47-5418,4407-7740-5772-3602,2020-04-16,Customer contact via email bob.wilson53@mail.net or phone (307) 779-4695.
660,Bob Davis,bob.davis16@domain.com,(510) 337-4370,540-25-2698,4327-9753-1733-2114,2026-11-06,Customer contact via email bob.davis16@domain.com or phone (510) 337-4370.
675,Fiona Davis,fiona.davis45@website.org,(856) 767-4429,504-74-1625,4743-4031-7039-6700,2024-01-27,Customer contact via email fiona.davis45@website.org or phone (856) 767-4429.
399,John Brown,john.brown19@website.org,(644) 413-1827,845-65-4314,4928-6662-7553-3728,2025-07-12,Customer contact via email john.brown19@website.org or phone (644) 413-1827.
526,Emma Wilson,emma.wilson13@company.org,(972) 605-3010,724-40-1722,4121-8868-4369-5081,2024-12-17,Customer contact via email emma.wilson13@company.org or phone (972) 605-3010.
838,Emma Brown,emma.brown2@techcorp.io,(748) 674-7759,839-27-5418,4145-3777-5926-3901,2021-10-22,Customer contact via email emma.brown2@techcorp.io or phone (748) 674-7759.
865,David Jones,david.jones46@example.com,(244) 768-6558,300-99-3544,4795-2509-6942-9159,2021-07-16,Customer contact via email david.jones46@example.com or phone (244) 768-6558.
987,Jane Miller,jane.miller50@mail.net,(583) 482-8578,175-14-5328,4764-3540-6157-4761,2026-12-13,Customer contact via email jane.miller50@mail.net or phone (583) 482-8578.
910,Emma Miller,emma.miller76@mail.net,(358) 894-6231,537-43-7633,4154-8664-6315-5802,2022-06-08,Customer contact via email emma.miller76@mail.net or phone (358) 894-6231.
176,Alice Brown,alice.brown35@company.org,(917) 981-9581,561-89-6287,4810-3816-9138-4896,2025-05-19,Customer contact via email alice.brown35@company.org or phone (917) 981-9581.
634,Charlie Miller,charlie.miller19@domain.com,(679) 909-7175,847-55-1668,4771-9878-2307-3974,2025-04-25,Customer contact via email charlie.miller19@domain.com or phone (679) 909-7175.
341,Fiona Taylor,fiona.taylor46@mail.net,(462) 825-2568,904-45-3232,4558-4599-7565-7702,2023-06-02,Customer contact via email fiona.taylor46@mail.net or phone (462) 825-2568.
754,Fiona Taylor,fiona.taylor62@domain.com,(536) 906-9910,698-81-1179,4107-5128-8151-6762,2021-08-23,Customer contact via email fiona.taylor62@domain.com or phone (536) 906-9910.
596,Emma Taylor,emma.taylor42@website.org,(908) 891-6033,623-65-7418,4194-1773-9626-1976,2026-12-23,Customer contact via email emma.taylor42@website.org or phone (908) 891-6033.
487,Charlie Brown,charlie.brown5@mail.net,(804) 325-7506,991-49-3687,4002-7774-8605-7645,2026-10-04,Customer contact via email charlie.brown5@mail.net or phone (804) 325-7506.
190,George Johnson,george.johnson86@techcorp.io,(418) 981-5766,642-34-3857,4830-1991-1943-7056,2026-02-03,Customer contact via email george.johnson86@techcorp.io or phone (418) 981-5766.
65,Bob Smith,bob.smith76@domain.com,(516) 424-3096,182-39-5244,4758-2359-2858-5097,2021-11-20,Customer contact via email bob.smith76@domain.com or phone (516) 424-3096.
593,Jane Miller,jane.miller2@company.org,(698) 486-5880,309-71-7370,4773-8200-7498-5652,2023-12-16,Customer contact via email jane.miller2@company.org or phone (698) 486-5880.
430,John Doe,john.doe40@example.com,(610) 303-7722,749-24-1065,4770-7305-7992-7581,2021-06-04,Customer contact via email john.doe40@example.com or phone (610) 303-7722.
880,Fiona Williams,fiona.williams27@example.com,(824) 563-8584,335-45-6103,4315-5975-1132-3572,2022-04-09,Customer contact via email fiona.williams27@example.com or phone (824) 563-8584.
434,Fiona Taylor,fiona.taylor70@company.org,(836) 341-9653,283-56-9727,4036-7449-8378-9699,2023-06-21,Customer contact via email fiona.taylor70@company.org or phone (836) 341-9653.
721,Charlie Davis,charlie.davis83@example.com,(238) 964-8250,925-54-9094,4451-7039-4164-3980,2025-04-28,Customer contact via email charlie.davis83@example.com or phone (238) 964-8250.
92,Bob Wilson,bob.wilson78@website.org,(803) 864-7090,344-91-6828,4323-1283-7171-4997,2025-01-23,Customer contact via email bob.wilson78@website.org or phone (803) 864-7090.
886,Emma Smith,emma.smith81@website.org,(523) 683-1341,647-48-1581,4211-5253-8718-4632,2022-06-26,Customer contact via email emma.smith81@website.org or phone (523) 683-1341.
981,Alice Smith,alice.smith86@company.org,(767) 348-5783,416-67-2431,4420-8624-4765-9075,2024-07-10,Customer contact via email alice.smith86@company.org or phone (767) 348-5783.
626,Bob Wilson,bob.wilson6@mail.net,(347) 596-7547,645-88-8208,4073-3775-8946-7535,2026-09-11,Customer contact via email bob.wilson6@mail.net or phone (347) 596-7547.
303,Bob Doe,bob.doe15@techcorp.io,(237) 808-7870,595-96-9113,4786-8908-8950-5060,2026-11-27,Customer contact via email bob.doe15@techcorp.io or phone (237) 808-7870.
378,Fiona Taylor,fiona.taylor34@company.org,(803) 901-2589,616-92-5452,4541-1677-2344-1440,2024-09-02,Customer contact via email fiona.taylor34@company.org or phone (803) 901-2589.
842,Emma Wilson,emma.wilson98@company.org,(804) 979-4779,666-14-6111,4713-2891-5889-1221,2025-12-18,Customer contact via email emma.wilson98@company.org or phone (804) 979-4779.
689,David Brown,david.brown93@example.com,(740) 973-6945,783-88-4218,4054-2462-4643-7567,2026-04-26,Customer contact via email david.brown93@example.com or phone (740) 973-6945.
915,Hannah Miller,hannah.miller28@mail.net,(488) 404-9652,868-51-1200,4200-4920-3587-3719,2020-12-07,Customer contact via email hannah.miller28@mail.net or phone (488) 404-9652.
422,Alice Smith,alice.smith29@domain.com,(937) 811-6060,278-26-5421,4558-1368-1146-2138,2023-05-14,Customer contact via email alice.smith29@domain.com or phone (937) 811-6060.
720,Alice Williams,alice.williams34@techcorp.io,(473) 579-8646,409-98-7185,4523-7996-6914-9630,2026-12-28,Customer contact via email alice.williams34@techcorp.io or phone (473) 579-8646.
600,Emma Brown,emma.brown78@domain.com,(209) 335-9408,201-92-9702,4223-8873-9470-6943,2020-06-26,Customer contact via email emma.brown78@domain.com or phone (209) 335-9408.
765,Bob Brown,bob.brown51@example.com,(438) 875-8115,751-21-4965,4999-2130-7359-8628,2024-07-26,Customer contact via email bob.brown51@example.com or phone (438) 875-8115.
102,John Smith,john.smith91@domain.com,(396) 769-7399,242-67-6743,4146-8075-4187-3302,2023-08-21,Customer contact via email john.smith91@domain.com or phone (396) 769-7399.
955,Fiona Jones,fiona.jones5@domain.com,(378) 557-3274,409-48-4378,4343-5303-6449-4826,2022-01-19,Customer contact via email fiona.jones5@domain.com or phone (378) 557-3274.
566,Alice Williams,alice.williams22@company.org,(527) 284-9901,216-51-4151,4326-7502-9013-7575,2022-05-27,Customer contact via email alice.williams22@company.org or phone (527) 284-9901.
872,Hannah Williams,hannah.williams88@domain.com,(252) 591-7130,296-57-7467,4794-4225-3120-2152,2026-01-15,Customer contact via email hannah.williams88@domain.com or phone (252) 591-7130.
418,David Brown,david.brown58@example.com,(661) 519-4813,411-75-5767,4017-6425-4433-8909,2026-12-05,Customer contact via email david.brown58@example.com or phone (661) 519-4813.
860,George Smith,george.smith5@website.org,(501) 960-1549,595-58-1273,4017-1820-1260-6329,2020-02-02,Customer contact via email george.smith5@website.org or phone (501) 960-1549.
347,Hannah Jones,hannah.jones16@website.org,(803) 283-5592,920-78-3789,4280-2822-8575-7149,2020-09-15,Customer contact via email hannah.jones16@website.org or phone (803) 283-5592.
263,David Smith,david.smith4@domain.com,(658) 266-4055,976-32-5537,4677-9129-9633-5572,2022-06-13,Customer contact via email david.smith4@domain.com or phone (658) 266-4055.
426,George Miller,george.miller26@techcorp.io,(831) 369-1202,534-99-5980,4230-2308-7765-3038,2024-01-12,Customer contact via email george.miller26@techcorp.io or phone (831) 369-1202.
703,Alice Smith,alice.smith12@domain.com,(436) 405-3063,614-57-6879,4447-1432-7112-3790,2025-03-23,Customer contact via email alice.smith12@domain.com or phone (436) 405-3063.
331,Jane Johnson,jane.johnson63@techcorp.io,(349) 699-5355,257-84-1994,4188-4603-8306-5009,2023-08-10,Customer contact via email jane.johnson63@techcorp.io or phone (349) 699-5355.
898,Alice Jones,alice.jones71@company.org,(620) 209-5014,259-27-5378,4227-8637-5985-4087,2022-05-19,Customer contact via email alice.jones71@company.org or phone (620) 209-5014.
243,Jane Smith,jane.smith53@techcorp.io,(694) 870-9691,917-37-1131,4879-1149-9176-6854,2026-07-26,Customer contact via email jane.smith53@techcorp.io or phone (694) 870-9691.
353,George Johnson,george.johnson29@domain.com,(849) 778-3619,693-35-7839,4854-3227-6689-8095,2025-07-17,Customer contact via email george.johnson29@domain.com or phone (849) 778-3619.
431,Jane Wilson,jane.wilson94@website.org,(450) 463-5283,613-48-9310,4072-3724-4818-5736,2026-06-22,Customer contact via email jane.wilson94@website.org or phone (450) 463-5283.
169,Bob Taylor,bob.taylor81@mail.net,(508) 206-9170,160-54-5769,4875-9230-9343-6046,2024-05-16,Customer contact via email bob.taylor81@mail.net or phone (508) 206-9170.
158,Fiona Johnson,fiona.johnson95@domain.com,(976) 309-3630,955-40-1109,4472-2288-4968-5159,2023-03-07,Customer contact via email fiona.johnson95@domain.com or phone (976) 309-3630.
830,Fiona Davis,fiona.davis94@website.org,(593) 455-6142,747-70-1619,4660-3842-7249-5709,2022-02-11,Customer contact via email fiona.davis94@website.org or phone (593) 455-6142.
843,Charlie Miller,charlie.miller41@website.org,(434) 311-2312,620-87-3910,4985-8904-3355-1685,2021-10-16,Customer contact via email charlie.miller41@website.org or phone (434) 311-2312.
240,Hannah Johnson,hannah.johnson70@domain.com,(897) 411-5163,992-46-6838,4213-8182-1509-9002,2023-05-10,Customer contact via email hannah.johnson70@domain.com or phone (897) 411-5163.
203,Fiona Williams,fiona.williams10@domain.com,(817) 600-4723,380-18-8467,4732-2228-8956-5947,2026-11-18,Customer contact via email fiona.williams10@domain.com or phone (817) 600-4723.
267,Alice Williams,alice.williams67@mail.net,(272) 250-5201,535-64-2705,4894-5748-1073-4478,2023-07-28,Customer contact via email alice.williams67@mail.net or phone (272) 250-5201.
95,Bob Johnson,bob.johnson10@techcorp.io,(570) 451-2406,662-12-2488,4576-3303-4372-3352,2023-09-13,Customer contact via email bob.johnson10@techcorp.io or phone (570) 451-2406.
104,Alice Jones,alice.jones75@example.com,(988) 432-6437,983-23-9797,4354-8622-7309-2299,2026-10-06,Customer contact via email alice.jones75@example.com or phone (988) 432-6437.
481,Fiona Davis,fiona.davis24@domain.com,(505) 963-8638,705-72-2559,4490-1880-1430-9722,2026-03-09,Customer contact via email fiona.davis24@domain.com or phone (505) 963-8638.
909,Jane Taylor,jane.taylor34@example.com,(315) 832-9150,304-47-6228,4472-6554-1420-8101,2026-03-11,Customer contact via email jane.taylor34@example.com or phone (315) 832-9150.
458,Jane Brown,jane.brown20@domain.com,(844) 442-1052,166-91-9147,4278-6755-8569-6235,2026-05-26,Customer contact via email jane.brown20@domain.com or phone (844) 442-1052.
994,George Brown,george.brown53@company.org,(933) 299-9079,929-74-9485,4102-1666-6080-2257,2020-08-06,Customer contact via email george.brown53@company.org or phone (933) 299-9079.
645,Fiona Wilson,fiona.wilson78@techcorp.io,(342) 961-6606,457-36-1977,4171-4066-4792-2627,2020-09-07,Customer contact via email fiona.wilson78@techcorp.io or phone (342) 961-6606.
513,Fiona Wilson,fiona.wilson76@domain.com,(770) 485-6846,536-76-1442,4003-1756-1310-9591,2025-08-23,Customer contact via email fiona.wilson76@domain.com or phone (770) 485-6846.
530,David Jones,david.jones54@example.com,(466) 778-7505,156-96-8227,4396-7865-2385-3271,2020-10-17,Customer contact via email david.jones54@example.com or phone (466) 778-7505.
639,Bob Williams,bob.williams75@mail.net,(854) 738-8270,602-10-3652,4393-4552-5138-5115,2023-04-03,Customer contact via email bob.williams75@mail.net or phone (854) 738-8270.
633,Emma Miller,emma.miller66@techcorp.io,(439) 989-1979,284-87-6069,4231-3559-8010-1642,2025-05-25,Customer contact via email emma.miller66@techcorp.io or phone (439) 989-1979.
548,John Smith,john.smith15@example.com,(833) 784-5745,142-16-2196,4523-3111-7125-2996,2026-09-10,Customer contact via email john.smith15@example.com or phone (833) 784-5745.
29,David Johnson,david.johnson62@techcorp.io,(420) 200-8126,997-55-6948,4442-9607-5096-9081,2026-12-03,Customer contact via email david.johnson62@techcorp.io or phone (420) 200-8126.
504,Fiona Taylor,fiona.taylor61@domain.com,(611) 600-2637,669-56-5441,4511-5504-1257-7330,2024-08-28,Customer contact via email fiona.taylor61@domain.com or phone (611) 600-2637.
105,Fiona Smith,fiona.smith95@website.org,(329) 310-3803,364-41-8981,4341-4622-9460-5762,2020-03-21,Customer contact via email fiona.smith95@website.org or phone (329) 310-3803.
670,David Johnson,david.johnson31@example.com,(462) 410-6551,251-49-5106,4501-4705-5415-5619,2025-01-15,Customer contact via email david.johnson31@example.com or phone (462) 410-6551.
489,John Williams,john.williams97@mail.net,(990) 268-3186,917-57-1597,4055-5011-8405-3330,2023-05-16,Customer contact via email john.williams97@mail.net or phone (990) 268-3186.
709,George Doe,george.doe60@example.com,(924) 360-6955,148-91-8945,4914-2753-4884-5377,2023-10-12,Customer contact via email george.doe60@example.com or phone (924) 360-6955.
24,Alice Johnson,alice.johnson42@company.org,(866) 965-5593,567-29-1804,4235-8219-4413-1485,2025-02-23,Customer contact via email alice.johnson42@company.org or phone (866) 965-5593.
606,Hannah Jones,hannah.jones66@mail.net,(206) 866-7476,663-30-8131,4300-6445-4118-4546,2022-12-11,Customer contact via email hannah.jones66@mail.net or phone (206) 866-7476.
402,Emma Johnson,emma.johnson41@company.org,(534) 664-9340,336-35-7544,4423-2921-9349-2027,2026-02-05,Customer contact via email emma.johnson41@company.org or phone (534) 664-9340.
453,David Davis,david.davis29@mail.net,(765) 719-8917,223-94-4664,4004-6880-7880-8785,2020-02-18,Customer contact via email david.davis29@mail.net or phone (765) 719-8917.
442,Hannah Jones,hannah.jones66@mail.net,(716) 865-2662,719-58-8814,4406-7193-8580-6412,2025-06-02,Customer contact via email hannah.jones66@mail.net or phone (716) 865-2662.
428,George Doe,george.doe99@techcorp.io,(613) 206-8070,924-21-4434,4160-8461-7472-7836,2024-02-21,Customer contact via email george.doe99@techcorp.io or phone (613) 206-8070.
223,Jane Miller,jane.miller97@example.com,(539) 878-2851,829-84-3821,4811-3745-1948-5707,2025-08-24,Customer contact via email jane.miller97@example.com or phone (539) 878-2851.
87,Charlie Doe,charlie.doe2@company.org,(441) 654-8694,411-14-3776,4480-3243-9273-4736,2020-01-15,Customer contact via email charlie.doe2@company.org or phone (441) 654-8694.
784,John Williams,john.williams17@example.com,(673) 745-4893,402-19-2140,4242-3536-2638-2021,2026-02-05,Customer contact via email john.williams17@example.com or phone (673) 745-4893.
891,Jane Jones,jane.jones53@website.org,(415) 563-7794,407-23-9613,4609-6461-3799-9205,2022-09-06,Customer contact via email jane.jones53@website.org or phone (415) 563-7794.
816,Alice Brown,alice.brown53@mail.net,(501) 913-4977,984-75-8707,4707-8867-6835-6135,2024-07-19,Customer contact via email alice.brown53@mail.net or phone (501) 913-4977.
996,John Taylor,john.taylor11@website.org,(687) 232-5550,996-52-8633,4550-2948-9246-6572,2026-05-28,Customer contact via email john.taylor11@website.org or phone (687) 232-5550.
908,Charlie Smith,charlie.smith4@company.org,(941) 643-5704,999-88-6775,4632-8663-6673-1016,2021-01-28,Customer contact via email charlie.smith4@company.org or phone (941) 643-5704.
501,Jane Doe,jane.doe26@example.com,(383) 402-7640,736-32-7543,4615-9690-7090-7322,2023-08-01,Customer contact via email jane.doe26@example.com or phone (383) 402-7640.
806,Bob Williams,bob.williams64@mail.net,(458) 530-5479,743-89-4370,4661-7245-6212-9999,2025-01-07,Customer contact via email bob.williams64@mail.net or phone (458) 530-5479.
730,Hannah Davis,hannah.davis18@mail.net,(588) 954-5737,151-56-1820,4478-4940-9167-7452,2026-01-21,Customer contact via email hannah.davis18@mail.net or phone (588) 954-5737.
479,Emma Johnson,emma.johnson87@company.org,(726) 835-5339,607-58-6077,4406-9601-5453-9627,2024-05-04,Customer contact via email emma.johnson87@company.org or phone (726) 835-5339.
834,Hannah Smith,hannah.smith53@techcorp.io,(547) 844-8482,946-57-4601,4750-2451-5517-6276,2024-02-11,Customer contact via email hannah.smith53@techcorp.io or phone (547) 844-8482.
681,Charlie Johnson,charlie.johnson48@domain.com,(768) 820-3864,909-80-1623,4633-8263-8837-9740,2023-11-16,Customer contact via email charlie.johnson48@domain.com or phone (768) 820-3864.
488,Alice Brown,alice.brown19@techcorp.io,(546) 245-3677,627-28-2385,4286-2193-5033-5154,2026-02-16,Customer contact via email alice.brown19@techcorp.io or phone (546) 245-3677.
599,David Doe,david.doe5@website.org,(622) 726-3540,267-74-9729,4413-4632-2664-2040,2025-02-26,Customer contact via email david.doe5@website.org or phone (622) 726-3540.
604,John Johnson,john.johnson68@company.org,(219) 414-1617,180-38-5545,4160-2779-6357-9051,2022-07-12,Customer contact via email john.johnson68@company.org or phone (219) 414-1617.
919,George Wilson,george.wilson29@domain.com,(888) 979-2942,704-59-1000,4010-9750-3922-2523,2023-02-20,Customer contact via email george.wilson29@domain.com or phone (888) 979-2942.
876,David Brown,david.brown40@mail.net,(308) 326-6246,906-17-6343,4168-8725-4525-8341,2021-07-01,Customer contact via email david.brown40@mail.net or phone (308) 326-6246.
777,John Miller,john.miller71@mail.net,(478) 269-6542,446-97-4212,4651-1429-9505-7238,2026-01-28,Customer contact via email john.miller71@mail.net or phone (478) 269-6542.
202,Jane Brown,jane.brown76@mail.net,(611) 493-7007,703-22-3714,4225-9693-4553-9976,2022-08-25,Customer contact via email jane.brown76@mail.net or phone (611) 493-7007.
574,Emma Doe,emma.doe97@domain.com,(709) 692-5158,983-50-1313,4175-3412-1448-2741,2020-05-03,Customer contact via email emma.doe97@domain.com or phone (709) 692-5158.
47,Emma Wilson,emma.wilson14@techcorp.io,(544) 348-2398,959-49-7347,4810-2913-2299-5706,2021-07-12,Customer contact via email emma.wilson14@techcorp.io or phone (544) 348-2398.
252,David Johnson,david.johnson60@techcorp.io,(393) 468-9409,331-31-4153,4192-6323-4514-1654,2020-11-11,Customer contact via email david.johnson60@techcorp.io or phone (393) 468-9409.
86,George Doe,george.doe55@company.org,(353) 820-3228,142-60-3848,4929-5152-2624-8774,2021-05-26,Customer contact via email george.doe55@company.org or phone (353) 820-3228.
594,John Taylor,john.taylor56@example.com,(313) 686-4955,133-25-9018,4123-4573-2419-8999,2025-07-28,Customer contact via email john.taylor56@example.com or phone (313) 686-4955.
386,Jane Johnson,jane.johnson27@company.org,(786) 462-8762,542-73-7058,4494-8570-4889-9056,2025-02-02,Customer contact via email jane.johnson27@company.org or phone (786) 462-8762.
500,Charlie Brown,charlie.brown40@company.org,(380) 225-7077,894-88-4303,4976-9285-1640-5882,2024-09-11,Customer contact via email charlie.brown40@company.org or phone (380) 225-7077.
625,George Wilson,george.wilson74@company.org,(778) 893-1673,618-56-1773,4170-1364-7681-1674,2025-02-04,Customer contact via email george.wilson74@company.org or phone (778) 893-1673.
804,Bob Brown,bob.brown51@website.org,(808) 201-4235,173-20-1910,4386-1376-1582-4155,2022-12-12,Customer contact via email bob.brown51@website.org or phone (808) 201-4235.
547,Alice Doe,alice.doe42@company.org,(319) 339-9946,986-63-4971,4861-2646-2963-9567,2022-07-24,Customer contact via email alice.doe42@company.org or phone (319) 339-9946.
247,Jane Brown,jane.brown20@mail.net,(419) 523-6059,840-88-6554,4553-5767-8198-1612,2026-06-16,Customer contact via email jane.brown20@mail.net or phone (419) 523-6059.
907,Hannah Williams,hannah.williams6@domain.com,(465) 388-7132,597-44-9058,4500-2746-8668-9159,2020-12-20,Customer contact via email hannah.williams6@domain.com or phone (465) 388-7132.
291,George Williams,george.williams30@website.org,(594) 712-5654,443-95-7863,4766-3519-9518-7932,2023-07-18,Customer contact via email george.williams30@website.org or phone (594) 712-5654.
81,George Smith,george.smith25@website.org,(533) 514-4368,523-16-2588,4634-3619-3013-9495,2024-04-15,Customer contact via email george.smith25@website.org or phone (533) 514-4368.
786,David Davis,david.davis21@mail.net,(673) 595-1823,116-81-1336,4620-5822-8302-7537,2021-07-13,Customer contact via email david.davis21@mail.net or phone (673) 595-1823.
59,John Jones,john.jones40@mail.net,(684) 660-9852,706-54-7054,4340-5575-7444-5075,2025-11-14,Customer contact via email john.jones40@mail.net or phone (684) 660-9852.
845,John Doe,john.doe35@mail.net,(326) 574-8355,941-88-7092,4938-8194-8715-5320,2024-03-25,Customer contact via email john.doe35@mail.net or phone (326) 574-8355.
283,Bob Davis,bob.davis58@techcorp.io,(394) 577-4430,373-36-8971,4539-5293-7818-8538,2020-06-20,Customer contact via email bob.davis58@techcorp.io or phone (394) 577-4430.
91,Emma Smith,emma.smith73@mail.net,(520) 274-5188,357-86-3042,4016-5132-4431-3760,2021-03-25,Customer contact via email emma.smith73@mail.net or phone (520) 274-5188.
151,Hannah Jones,hannah.jones22@company.org,(512) 401-7434,953-92-4077,4952-3082-9531-8092,2025-09-18,Customer contact via email hannah.jones22@company.org or phone (512) 401-7434.
156,Hannah Doe,hannah.doe82@company.org,(208) 955-4421,220-45-6880,4803-3631-3210-5697,2026-12-16,Customer contact via email hannah.doe82@company.org or phone (208) 955-4421.
406,Hannah Brown,hannah.brown83@example.com,(214) 302-9132,291-95-3152,4549-2849-2516-7161,2025-08-23,Customer contact via email hannah.brown83@example.com or phone (214) 302-9132.
58,George Miller,george.miller52@website.org,(368) 227-3229,506-62-1172,4961-9286-1546-3197,2025-12-19,Customer contact via email george.miller52@website.org or phone (368) 227-3229.
412,Hannah Wilson,hannah.wilson6@company.org,(501) 228-5706,316-72-4397,4574-9471-6387-8202,2024-06-20,Customer contact via email hannah.wilson6@company.org or phone (501) 228-5706.
884,Alice Brown,alice.brown79@techcorp.io,(464) 249-4771,643-43-4402,4351-1093-9915-9929,2022-12-07,Customer contact via email alice.brown79@techcorp.io or phone (464) 249-4771.
323,George Williams,george.williams31@techcorp.io,(407) 436-9337,604-66-1067,4718-7442-3980-1418,2020-11-27,Customer contact via email george.williams31@techcorp.io or phone (407) 436-9337.
495,Jane Doe,jane.doe4@example.com,(515) 294-3548,244-35-7295,4153-1744-1567-8418,2020-05-19,Customer contact via email jane.doe4@example.com or phone (515) 294-3548.
957,Jane Davis,jane.davis40@techcorp.io,(731) 639-3329,347-53-9415,4030-7498-3601-7761,2024-06-06,Customer contact via email jane.davis40@techcorp.io or phone (731) 639-3329.
622,David Smith,david.smith38@domain.com,(858) 295-6285,528-60-1009,4929-8839-1710-8384,2021-05-18,Customer contact via email david.smith38@domain.com or phone (858) 295-6285.
494,George Johnson,george.johnson67@example.com,(889) 876-9333,905-78-9411,4372-8769-3532-6629,2026-04-08,Customer contact via email george.johnson67@example.com or phone (889) 876-9333.
48,Jane Johnson,jane.johnson57@website.org,(603) 743-2190,282-55-1222,4006-9175-4728-6087,2023-10-18,Customer contact via email jane.johnson57@website.org or phone (603) 743-2190.
354,Emma Smith,emma.smith96@example.com,(857) 364-6034,969-71-6927,4178-5053-6291-3943,2022-06-06,Customer contact via email emma.smith96@example.com or phone (857) 364-6034.
946,David Davis,david.davis1@domain.com,(702) 912-2495,645-44-4015,4360-9412-6353-4101,2024-06-15,Customer contact via email david.davis1@domain.com or phone (702) 912-2495.
849,Charlie Williams,charlie.williams8@company.org,(575) 937-7309,127-21-5359,4786-1083-9871-5881,2024-05-15,Customer contact via email charlie.williams8@company.org or phone (575) 937-7309.
344,Jane Jones,jane.jones30@website.org,(752) 280-1640,498-80-5120,4525-9233-2646-1754,2023-11-08,Customer contact via email jane.jones30@website.org or phone (752) 280-1640.
377,Charlie Johnson,charlie.johnson56@mail.net,(714) 205-1391,873-54-1607,4093-8825-9174-6544,2026-06-23,Customer contact via email charlie.johnson56@mail.net or phone (714) 205-1391.
762,Bob Doe,bob.doe2@company.org,(223) 500-2607,795-73-4341,4701-1464-1436-4893,2024-05-06,Customer contact via email bob.doe2@company.org or phone (223) 500-2607.
507,Hannah Wilson,hannah.wilson92@domain.com,(342) 316-4620,531-51-9055,4006-6126-2560-4245,2021-02-11,Customer contact via email hannah.wilson92@domain.com or phone (342) 316-4620.
862,John Brown,john.brown62@website.org,(591) 629-1587,117-62-6940,4500-3360-8698-4179,2025-11-08,Customer contact via email john.brown62@website.org or phone (591) 629-1587.
811,Bob Smith,bob.smith52@example.com,(888) 565-1112,662-68-9294,4586-7511-3845-8071,2026-05-19,Customer contact via email bob.smith52@example.com or phone (888) 565-1112.
416,Bob Taylor,bob.taylor78@example.com,(473) 588-4533,605-53-1047,4480-5910-7594-2953,2021-09-03,Customer contact via email bob.taylor78@example.com or phone (473) 588-4533.
719,Jane Williams,jane.williams15@techcorp.io,(927) 786-9654,870-95-4459,4703-8025-4634-2692,2026-03-18,Customer contact via email jane.williams15@techcorp.io or phone (927) 786-9654.
519,Bob Smith,bob.smith41@techcorp.io,(773) 882-9084,257-47-5473,4187-3490-5795-7889,2025-02-10,Customer contact via email bob.smith41@techcorp.io or phone (773) 882-9084.
609,Charlie Brown,charlie.brown53@website.org,(701) 326-3024,234-79-2477,4736-6875-7602-8676,2025-02-22,Customer contact via email charlie.brown53@website.org or phone (701) 326-3024.
808,Bob Taylor,bob.taylor92@company.org,(336) 713-2933,444-54-6151,4569-4259-6877-9461,2022-06-14,Customer contact via email bob.taylor92@company.org or phone (336) 713-2933.
463,Bob Taylor,bob.taylor94@domain.com,(376) 819-6665,717-87-3968,4562-6998-5789-6417,2025-10-16,Customer contact via email bob.taylor94@domain.com or phone (376) 819-6665.
88,Hannah Williams,hannah.williams4@company.org,(210) 602-5705,911-58-4639,4791-7295-2046-8277,2022-07-07,Customer contact via email hannah.williams4@company.org or phone (210) 602-5705.
25,Jane Taylor,jane.taylor35@company.org,(958) 786-2456,968-38-9718,4376-3072-1126-2131,2025-04-19,Customer contact via email jane.taylor35@company.org or phone (958) 786-2456.
780,David Smith,david.smith84@website.org,(216) 374-9206,400-74-7449,4493-2517-5638-8191,2023-02-22,Customer contact via email david.smith84@website.org or phone (216) 374-9206.
520,Alice Taylor,alice.taylor24@techcorp.io,(954) 927-4037,198-76-1160,4650-5637-8914-3684,2021-05-09,Customer contact via email alice.taylor24@techcorp.io or phone (954) 927-4037.
360,George Taylor,george.taylor46@website.org,(485) 480-4605,278-82-3462,4307-1612-2781-7618,2026-09-21,Customer contact via email george.taylor46@website.org or phone (485) 480-4605.
854,Fiona Smith,fiona.smith39@domain.com,(460) 693-3410,238-86-3155,4545-8101-5624-9204,2025-01-21,Customer contact via email fiona.smith39@domain.com or phone (460) 693-3410.
394,Charlie Wilson,charlie.wilson15@website.org,(235) 634-8599,481-49-8866,4042-1375-7472-6242,2025-10-25,Customer contact via email charlie.wilson15@website.org or phone (235) 634-8599.
813,Alice Miller,alice.miller17@company.org,(572) 287-9755,652-94-8916,4327-6055-2202-6457,2024-02-07,Customer contact via email alice.miller17@company.org or phone (572) 287-9755.
856,George Wilson,george.wilson71@example.com,(287) 578-1984,478-74-2832,4483-6126-7675-7993,2023-09-05,Customer contact via email george.wilson71@example.com or phone (287) 578-1984.
770,George Miller,george.miller75@example.com,(886) 595-5226,222-63-4860,4493-1238-6508-2721,2021-10-08,Customer contact via email george.miller75@example.com or phone (886) 595-5226.
875,Emma Miller,emma.miller34@mail.net,(587) 953-6358,671-30-6600,4757-3042-2217-2902,2026-01-12,Customer contact via email emma.miller34@mail.net or phone (587) 953-6358.
253,Hannah Davis,hannah.davis43@domain.com,(919) 215-1452,387-64-8953,4119-8439-7855-1441,2022-06-10,Customer contact via email hannah.davis43@domain.com or phone (919) 215-1452.
174,Jane Brown,jane.brown32@techcorp.io,(291) 998-9049,327-18-5672,4098-7836-1426-9852,2021-01-03,Customer contact via email jane.brown32@techcorp.io or phone (291) 998-9049.
893,Fiona Miller,fiona.miller94@techcorp.io,(496) 990-7937,133-19-3831,4095-8831-5903-5857,2026-06-18,Customer contact via email fiona.miller94@techcorp.io or phone (496) 990-7937.
295,Bob Johnson,bob.johnson98@mail.net,(356) 498-4617,262-79-7958,4157-3946-5855-1376,2023-05-23,Customer contact via email bob.johnson98@mail.net or phone (356) 498-4617.
101,Hannah Taylor,hannah.taylor60@company.org,(891) 482-1399,501-67-7069,4156-6251-7696-9064,2025-01-16,Customer contact via email hannah.taylor60@company.org or phone (891) 482-1399.
595,Bob Jones,bob.jones18@website.org,(370) 880-1462,295-92-9048,4095-2098-3220-5732,2021-04-09,Customer contact via email bob.jones18@website.org or phone (370) 880-1462.
72,David Wilson,david.wilson22@techcorp.io,(346) 912-9724,941-11-3318,4073-9476-1302-7932,2024-04-20,Customer contact via email david.wilson22@techcorp.io or phone (346) 912-9724.
456,David Wilson,david.wilson97@company.org,(719) 905-1736,979-95-1394,4347-6551-3116-6602,2022-08-26,Customer contact via email david.wilson97@company.org or phone (719) 905-1736.
647,Charlie Jones,charlie.jones89@example.com,(890) 821-2192,649-54-9716,4278-1685-7004-1714,2023-08-27,Customer contact via email charlie.jones89@example.com or phone (890) 821-2192.
814,Hannah Miller,hannah.miller55@company.org,(690) 676-4821,403-81-1675,4857-9174-7222-6542,2025-12-07,Customer contact via email hannah.miller55@company.org or phone (690) 676-4821.
658,Emma Jones,emma.jones90@domain.com,(328) 364-4091,207-33-7411,4496-8776-2629-4270,2020-01-24,Customer contact via email emma.jones90@domain.com or phone (328) 364-4091.
855,Fiona Doe,fiona.doe98@example.com,(426) 657-3016,983-62-4424,4823-3960-3476-5741,2026-04-11,Customer contact via email fiona.doe98@example.com or phone (426) 657-3016.
82,Jane Jones,jane.jones74@company.org,(900) 400-7165,577-22-4111,4801-6619-8310-7348,2020-02-23,Customer contact via email jane.jones74@company.org or phone (900) 400-7165.
941,David Davis,david.davis50@domain.com,(400) 466-1689,169-63-3281,4426-6247-9185-6722,2021-03-16,Customer contact via email david.davis50@domain.com or phone (400) 466-1689.
739,George Wilson,george.wilson45@techcorp.io,(258) 329-1982,964-27-2564,4766-1343-8202-8249,2025-05-08,Customer contact via email george.wilson45@techcorp.io or phone (258) 329-1982.
832,John Doe,john.doe90@techcorp.io,(230) 874-7439,111-43-9147,4465-3829-7465-7804,2026-07-21,Customer contact via email john.doe90@techcorp.io or phone (230) 874-7439.
185,Hannah Smith,hannah.smith65@website.org,(954) 282-3311,904-35-4182,4883-2144-7811-8884,2021-11-10,Customer contact via email hannah.smith65@website.org or phone (954) 282-3311.
629,George Taylor,george.taylor78@mail.net,(859) 415-2764,304-83-6899,4401-7456-7066-4827,2024-09-08,Customer contact via email george.taylor78@mail.net or phone (859) 415-2764.
214,David Johnson,david.johnson54@domain.com,(628) 629-8259,750-55-9042,4394-8228-7562-6024,2025-02-03,Customer contact via email david.johnson54@domain.com or phone (628) 629-8259.
114,John Miller,john.miller5@mail.net,(635) 734-9990,593-60-5070,4515-6507-3180-8703,2024-07-09,Customer contact via email john.miller5@mail.net or phone (635) 734-9990.
685,Emma Jones,emma.jones67@techcorp.io,(483) 973-3664,515-10-7328,4800-6652-4753-1613,2026-04-24,Customer contact via email emma.jones67@techcorp.io or phone (483) 973-3664.
308,John Wilson,john.wilson19@company.org,(913) 525-8519,101-51-4919,4603-4636-4095-4182,2025-04-06,Customer contact via email john.wilson19@company.org or phone (913) 525-8519.
384,David Brown,david.brown25@domain.com,(580) 481-8346,346-42-3788,4559-9573-8257-5793,2022-07-09,Customer contact via email david.brown25@domain.com or phone (580) 481-8346.
787,Alice Wilson,alice.wilson64@mail.net,(215) 822-3983,620-53-1568,4829-5641-6211-6279,2024-01-22,Customer contact via email alice.wilson64@mail.net or phone (215) 822-3983.
277,Alice Davis,alice.davis58@company.org,(593) 700-6393,105-51-8121,4107-6667-1673-3508,2023-12-19,Customer contact via email alice.davis58@company.org or phone (593) 700-6393.
238,Fiona Jones,fiona.jones76@website.org,(691) 791-9567,256-98-3966,4751-3608-6091-4141,2024-04-16,Customer contact via email fiona.jones76@website.org or phone (691) 791-9567.
449,John Jones,john.jones19@example.com,(701) 862-3915,232-72-9029,4086-3053-9340-7445,2025-06-27,Customer contact via email john.jones19@example.com or phone (701) 862-3915.
216,George Davis,george.davis65@website.org,(256) 417-5347,802-70-3231,4791-5303-6648-8458,2024-11-22,Customer contact via email george.davis65@website.org or phone (256) 417-5347.
564,Bob Doe,bob.doe16@mail.net,(449) 616-8630,402-91-4957,4217-3437-7648-3103,2026-03-23,Customer contact via email bob.doe16@mail.net or phone (449) 616-8630.
652,Emma Jones,emma.jones12@mail.net,(847) 562-2880,879-89-1800,4310-6223-4454-7793,2025-08-21,Customer contact via email emma.jones12@mail.net or phone (847) 562-2880.
51,David Davis,david.davis54@mail.net,(275) 878-9302,487-37-3858,4070-8481-5520-5562,2023-02-13,Customer contact via email david.davis54@mail.net or phone (275) 878-9302.
49,Alice Taylor,alice.taylor72@mail.net,(395) 885-2063,309-18-9038,4057-8178-9174-8865,2021-03-09,Customer contact via email alice.taylor72@mail.net or phone (395) 885-2063.
903,Emma Johnson,emma.johnson77@domain.com,(769) 816-4461,623-24-1152,4824-7531-2965-5385,2022-08-07,Customer contact via email emma.johnson77@domain.com or phone (769) 816-4461.
181,Alice Taylor,alice.taylor52@techcorp.io,(493) 703-8537,958-97-1492,4667-8729-8834-2030,2026-07-12,Customer contact via email alice.taylor52@techcorp.io or phone (493) 703-8537.
297,Emma Williams,emma.williams68@mail.net,(768) 808-5843,488-84-5086,4992-2070-5986-4872,2024-09-12,Customer contact via email emma.williams68@mail.net or phone (768) 808-5843.
215,Emma Johnson,emma.johnson13@example.com,(807) 751-9334,809-21-2189,4487-8776-1999-5574,2022-01-08,Customer contact via email emma.johnson13@example.com or phone (807) 751-9334.
160,Bob Smith,bob.smith48@website.org,(548) 790-2133,584-85-2482,4410-3909-5264-5795,2022-03-09,Customer contact via email bob.smith48@website.org or phone (548) 790-2133.
133,David Johnson,david.johnson73@website.org,(610) 490-7606,808-70-8711,4991-8424-8398-4992,2024-08-05,Customer contact via email david.johnson73@website.org or phone (610) 490-7606.
392,George Brown,george.brown90@domain.com,(651) 401-2484,551-57-1962,4418-9250-4569-8134,2022-12-16,Customer contact via email george.brown90@domain.com or phone (651) 401-2484.
472,George Miller,george.miller36@domain.com,(472) 223-1746,114-43-6853,4461-7296-2508-2145,2025-03-18,Customer contact via email george.miller36@domain.com or phone (472) 223-1746.
425,Alice Smith,alice.smith65@techcorp.io,(625) 431-4954,587-30-5322,4866-4100-1721-3130,2022-08-02,Customer contact via email alice.smith65@techcorp.io or phone (625) 431-4954.
50,Charlie Brown,charlie.brown92@domain.com,(673) 809-5634,951-32-2758,4700-4693-4246-1299,2023-12-02,Customer contact via email charlie.brown92@domain.com or phone (673) 809-5634.
465,Bob Johnson,bob.johnson72@techcorp.io,(589) 623-1296,144-40-2402,4289-1678-7688-6454,2021-07-06,Customer contact via email bob.johnson72@techcorp.io or phone (589) 623-1296.
961,David Taylor,david.taylor58@example.com,(660) 394-4449,891-13-8658,4498-2652-8530-2835,2022-04-24,Customer contact via email david.taylor58@example.com or phone (660) 394-4449.
544,Emma Johnson,emma.johnson95@techcorp.io,(910) 588-2005,400-59-4983,4689-9344-8598-2996,2021-07-10,Customer contact via email emma.johnson95@techcorp.io or phone (910) 588-2005.
546,George Taylor,george.taylor39@domain.com,(366) 241-7356,287-13-2848,4020-6658-1376-4075,2025-06-08,Customer contact via email george.taylor39@domain.com or phone (366) 241-7356.
664,George Smith,george.smith40@domain.com,(478) 866-6037,506-84-1108,4226-5983-9788-3571,2023-01-14,Customer contact via email george.smith40@domain.com or phone (478) 866-6037.
851,Jane Johnson,jane.johnson3@mail.net,(487) 809-6145,962-32-8239,4333-5400-6674-1380,2021-09-11,Customer contact via email jane.johnson3@mail.net or phone (487) 809-6145.
873,Jane Doe,jane.doe25@example.com,(845) 783-3135,865-97-1004,4060-3214-6867-8250,2026-12-07,Customer contact via email jane.doe25@example.com or phone (845) 783-3135.
